{
  "absorption": {
    "score": 0.0,
    "pairs_above_threshold": 0,
    "threshold": 0.9
  },
  "feature_utilization": {
    "dead_count": 0,
    "dead_percentage": 0.0,
    "alive_count": 18432,
    "total_features": 18432
  },
  "sparsity": {
    "mean_l0": 70.20902252197266,
    "median_l0": 62.0,
    "l0_std": 40.12770462036133
  },
  "reconstruction": {
    "mse": 0.36593359375,
    "mae": 0.440419921875,
    "fvu": 0.38061327130628947,
    "cosine_similarity": 0.787890625
  },
  "activation_stats": {
    "max_activation": 24.0,
    "mean_activation": 2.71875
  }
}