{
  "reconstruction": {
    "mse": 2.265625,
    "mae": 1.11953125,
    "cos": 0.727734375
  },
  "absorption_score": 1.6957890167136965e-06
}