{
  "statistics": {
    "feature_idx": 2238,
    "num_samples": 50,
    "max_activation": 16.525833129882812,
    "mean_activation": 12.776570491790771,
    "std_activation": 1.119563544069136,
    "min_activation": 11.27232551574707,
    "activation_count": 350,
    "all_time_max": 16.525833129882812
  },
  "top_samples": [
    {
      "feature_idx": 2238,
      "activation_value": 16.525833129882812,
      "tokens": [
        1736,
        235265
      ],
      "text": " form.",
      "position": 22,
      "context_tokens": [
        1423,
        2004,
        614,
        8496,
        577,
        1277,
        5463,
        1736,
        235265,
        2456,
        708,
        4282,
        5358,
        577,
        749,
        736,
        235292
      ],
      "context_text": " data must be returned to its exact form. There are various methods to do this:"
    },
    {
      "feature_idx": 2238,
      "activation_value": 14.87859058380127,
      "tokens": [
        1706,
        235265
      ],
      "text": " down.",
      "position": 20,
      "context_tokens": [
        14976,
        10401,
        948,
        28227,
        47197,
        708,
        13525,
        1706,
        235265,
        1417,
        3833,
        573,
        14354,
        1508,
        2811,
        578,
        3779
      ],
      "context_text": " tissue onto which calcium salts are laid down. This makes the bone very hard and strong"
    },
    {
      "feature_idx": 2238,
      "activation_value": 14.702617645263672,
      "tokens": [
        2893,
        235265
      ],
      "text": " material.",
      "position": 20,
      "context_tokens": [
        12624,
        689,
        16034,
        6142,
        576,
        573,
        1809,
        2893,
        235265,
        13332,
        6630,
        177306,
        685,
        4880,
        577,
        573,
        5299
      ],
      "context_text": " printed or electronic books of the same material. Help files reformat as needed to the screen"
    },
    {
      "feature_idx": 2238,
      "activation_value": 14.370735168457031,
      "tokens": [
        39699,
        235265
      ],
      "text": " precipitation.",
      "position": 25,
      "context_tokens": [
        5601,
        235269,
        36351,
        235269,
        6785,
        235269,
        578,
        39699,
        235265,
        714,
        13795,
        1170,
        7744,
        16010,
        32355
      ],
      "context_text": " pressure, humidity, wind, and precipitation. The atmosphere also contains organized phenomena"
    },
    {
      "feature_idx": 2238,
      "activation_value": 14.35983657836914,
      "tokens": [
        4168,
        235265
      ],
      "text": " death.",
      "position": 21,
      "context_tokens": [
        28515,
        3402,
        577,
        126092,
        235269,
        89971,
        689,
        4168,
        235265,
        2250,
        749,
        1167,
        39935,
        8590,
        578,
        7479,
        917
      ],
      "context_text": " absent due to alcoholism, abandonment or death. How do our fathers influence and shape us"
    },
    {
      "feature_idx": 2238,
      "activation_value": 14.278960227966309,
      "tokens": [
        7837,
        235265
      ],
      "text": " opinion.",
      "position": 9,
      "context_tokens": [
        146438,
        603,
        6929,
        577,
        28969,
        476,
        23901,
        7837,
        235265,
        878,
        2550,
        37230,
        235269,
        665,
        603,
        573,
        25219
      ],
      "context_text": " rationality is limited to describing a collective opinion. In another formulation, it is the distinction"
    },
    {
      "feature_idx": 2238,
      "activation_value": 14.210042953491211,
      "tokens": [
        10728,
        235265
      ],
      "text": "OF.",
      "position": 13,
      "context_tokens": [
        12317,
        1582,
        685,
        6349,
        2031,
        578,
        595,
        10728,
        235265,
        714,
        1872,
        6045,
        576,
        573,
        25438,
        34780,
        603
      ],
      "context_text": " practices such as ITIL and MOF. The main focus of the Operations Layer is"
    },
    {
      "feature_idx": 2238,
      "activation_value": 14.083956718444824,
      "tokens": [
        12339,
        235265
      ],
      "text": " literature.",
      "position": 27,
      "context_tokens": [
        235349,
        576,
        4061,
        14847,
        3069,
        235349,
        235256,
        12339,
        235265,
        18674,
        235292,
        21511,
        91465
      ],
      "context_text": "\u2019 of early Australian children\u2019s literature. Papers: Explorations"
    },
    {
      "feature_idx": 2238,
      "activation_value": 13.91736125946045,
      "tokens": [
        6081,
        235265
      ],
      "text": " France.",
      "position": 22,
      "context_tokens": [
        235318,
        235318,
        235269,
        2076,
        4600,
        7927,
        575,
        6081,
        235265,
        714,
        4645,
        7927,
        575,
        6081,
        1093,
        1497,
        1125
      ],
      "context_text": "66, still held lands in France. The English lands in France had long been"
    },
    {
      "feature_idx": 2238,
      "activation_value": 13.81761646270752,
      "tokens": [
        14999,
        235265
      ],
      "text": " shoulder.",
      "position": 1,
      "context_tokens": [
        14999,
        235265,
        6287,
        235269,
        997,
        235265,
        8644,
        576,
        198828,
        1498
      ],
      "context_text": " shoulder. Yes, St. Francis of Assisi did"
    },
    {
      "feature_idx": 2238,
      "activation_value": 13.77821159362793,
      "tokens": [
        10053,
        235265
      ],
      "text": " standards.",
      "position": 9,
      "context_tokens": [
        674,
        573,
        2493,
        168523,
        577,
        1536,
        3614,
        10053,
        235265,
        12236,
        3454,
        573,
        7658,
        708,
        13245,
        731,
        19767
      ],
      "context_text": " that the school adheres to high quality standards. Which means the programs are delivered by qualified"
    },
    {
      "feature_idx": 2238,
      "activation_value": 13.767068862915039,
      "tokens": [
        756,
        14417
      ],
      "text": "ty.\u2019",
      "position": 12,
      "context_tokens": [
        708,
        780,
        10918,
        731,
        736,
        3031,
        72853,
        756,
        14417,
        4828,
        9231,
        2613,
        3307,
        671,
        25081,
        4303,
        604
      ],
      "context_text": " are not affected by this \u2018novelty.\u2019 Dan Brown might seem an unlikely source for"
    },
    {
      "feature_idx": 2238,
      "activation_value": 13.520163536071777,
      "tokens": [
        26922,
        235265
      ],
      "text": " fiction.",
      "position": 30,
      "context_tokens": [
        235284,
        235276,
        235276,
        235315,
        161584,
        30037,
        604,
        26922,
        235265,
        586
      ],
      "context_text": "2009 Pulitzer Prize for fiction. A"
    },
    {
      "feature_idx": 2238,
      "activation_value": 13.401154518127441,
      "tokens": [
        3712,
        235265
      ],
      "text": " price.",
      "position": 20,
      "context_tokens": [
        2474,
        37246,
        5075,
        603,
        1297,
        21835,
        674,
        3712,
        235265,
        108,
        3179,
        3205,
        235269,
        780,
        832,
        3712,
        54579
      ],