{
  "statistics": {
    "feature_idx": 2259,
    "num_samples": 25,
    "max_activation": 11.923967361450195,
    "mean_activation": 5.409196109771728,
    "std_activation": 2.4741870377999717,
    "min_activation": 2.4060685634613037,
    "activation_count": 25,
    "all_time_max": 11.923967361450195
  },
  "top_samples": [
    {
      "feature_idx": 2259,
      "activation_value": 11.923967361450195,
      "tokens": [
        9934,
        235290
      ],
      "text": " audio-",
      "position": 16,
      "context_tokens": [
        17305,
        888,
        23166,
        604,
        573,
        64838,
        576,
        9934,
        235290,
        9847,
        1280,
        888,
        4516,
        576,
        3679,
        235269,
        13543
      ],
      "context_text": " exciting new possibilities for the incorporation of audio-video into new areas of research, publication"
    },
    {
      "feature_idx": 2259,
      "activation_value": 11.811102867126465,
      "tokens": [
        3178,
        235290
      ],
      "text": " low-",
      "position": 22,
      "context_tokens": [
        22566,
        20010,
        2480,
        6205,
        674,
        708,
        2145,
        3178,
        235290,
        6381,
        578,
        5396,
        4854,
        235265,
        664,
        651,
        68789
      ],
      "context_text": " lets researchers design materials that are both low-loss and wideband. \"The cloak"
    },
    {
      "feature_idx": 2259,
      "activation_value": 8.909207344055176,
      "tokens": [
        16896,
        235290
      ],
      "text": " rapidly-",
      "position": 12,
      "context_tokens": [
        2290,
        1024,
        48639,
        7460,
        578,
        575,
        573,
        16896,
        235290,
        37750,
        2134,
        984,
        877,
        3343,
        1452,
        9222,
        235265
      ],
      "context_text": " during their undergraduate career and in the rapidly-changing world they will enter after college."
    },
    {
      "feature_idx": 2259,
      "activation_value": 8.715506553649902,
      "tokens": [
        1809,
        235290
      ],
      "text": " same-",
      "position": 12,
      "context_tokens": [
        2329,
        573,
        1833,
        577,
        24989,
        16398,
        576,
        1809,
        235290,
        12212,
        12501,
        45689,
        11856,
        731,
        1156,
        6246,
        235265
      ],
      "context_text": " state the right to refuse recognition of same-sex marriage licenses issued by other states."
    },
    {
      "feature_idx": 2259,
      "activation_value": 6.656935214996338,
      "tokens": [
        595,
        235290
      ],
      "text": " M-",
      "position": 10,
      "context_tokens": [
        40061,
        73513,
        235269,
        713,
        235269,
        4616,
        235269,
        595,
        235290,
        235288,
        235371,
        108,
        235371,
        2504,
        24809,
        10979,
        235284
      ],
      "context_text": "Clellan, J, King, M-C|\n|Date Published||2"
    },
    {
      "feature_idx": 2259,
      "activation_value": 6.313098907470703,
      "tokens": [
        665,
        236193
      ],
      "text": " it\ufffd",
      "position": 12,
      "context_tokens": [
        8611,
        4644,
        1178,
        573,
        7418,
        235265,
        19896,
        665,
        236193,
        235256,
        1024,
        29881,
        576,
        39987,
        235269,
        99597,
        235269
      ],
      "context_text": " norm rather than the exception. Whether it\ufffds their traits of curiosity, perseverance,"
    },
    {
      "feature_idx": 2259,
      "activation_value": 6.043980598449707,
      "tokens": [
        2329,
        235290
      ],
      "text": " state-",
      "position": 8,
      "context_tokens": [
        2281,
        846,
        108,
        651,
        744,
        19607,
        7177,
        2329,
        235290,
        559,
        235290,
        1175,
        235290,
        760,
        22093,
        23514,
        6178
      ],
      "context_text": "IV).\nThe VDL uses state-of-the-art molecular diagnostic technology"
    },
    {
      "feature_idx": 2259,
      "activation_value": 5.880172252655029,
      "tokens": [
        30763,
        235290
      ],
      "text": " lighter-",
      "position": 3,
      "context_tokens": [
        16670,
        235269,
        30763,
        235290,
        7553,
        44832,
        32808,
        1582,
        685,
        13577,
        235304,
        578
      ],
      "context_text": " Instead, lighter-weight compressed formats such as MP3 and"
    },
    {
      "feature_idx": 2259,
      "activation_value": 5.599980354309082,
      "tokens": [
        1578,
        235290
      ],
      "text": " well-",
      "position": 5,
      "context_tokens": [
        3811,
        235349,
        235256,
        8691,
        1578,
        235290,
        16978,
        235265,
        3232,
        4225,
        3594,
        1426,
        6284,
        1157
      ],
      "context_text": " individual\u2019s overall well-being. Not getting enough good sleep \u2013"
    },
    {
      "feature_idx": 2259,
      "activation_value": 5.474063873291016,
      "tokens": [
        1163,
        235292
      ],
      "text": " over:",
      "position": 28,
      "context_tokens": [
        476,
        888,
        2370,
        576,
        16216,
        1134,
        1987,
        1163,
        235292,
        6325,
        528,
        8781
      ],
      "context_text": " a new method of transportation would take over: stagecoaches"
    },
    {
      "feature_idx": 2259,
      "activation_value": 5.316659450531006,
      "tokens": [
        3542,
        235290
      ],
      "text": " project-",
      "position": 4,
      "context_tokens": [
        18866,
        3787,
        577,
        3542,
        235290,
        6576,
        6044,
        235265,
        3339,
        8035,
        675,
        30509,
        7340
      ],
      "context_text": " introduce students to project-based learning. By starting with engaging projects"
    },
    {
      "feature_idx": 2259,
      "activation_value": 4.624319076538086,
      "tokens": [
        11827,
        2062
      ],
      "text": " meat \u2014",
      "position": 16,
      "context_tokens": [
        1938,
        577,
        9007,
        1089,
        576,
        573,
        24966,
        11827,
        2062,
        578,
        674,
        235349,
        235256,
        1212,
        16342,
        9597,
        1185
      ],
      "context_text": " want to waste any of the precious meat \u2014 and that\u2019s what normally happens when"
    },
    {
      "feature_idx": 2259,
      "activation_value": 4.517475605010986,
      "tokens": [
        948,
        235269
      ],
      "text": " which,",
      "position": 16,
      "context_tokens": [
        23519,
        577,
        573,
        8547,
        576,
        2960,
        235269,
        948,
        235269,
        575,
        573,
        2185,
        235269,
        18460,
        1009,
        235248,
        235304
      ],
      "context_text": " devoted to the growing of food, which, in the process, creates some 3"
    },
    {
      "feature_idx": 2259,
      "activation_value": 4.44426965713501,
      "tokens": [
        3679,
        235269
      ],
      "text": " research,",
      "position": 23,
      "context_tokens": [
        9934,
        235290,
        9847,
        1280,
        888,
        4516,
        576,
        3679,
        235269,
        13543,
        578,
        10649,
        235265,
        2365,
        1170,
        2765,
        917
      ],