{
  "statistics": {
    "feature_idx": 1386,
    "num_samples": 50,
    "max_activation": 31.925844192504883,
    "mean_activation": 29.210487365722656,
    "std_activation": 0.8687686111552501,
    "min_activation": 28.048582077026367,
    "activation_count": 6213,
    "all_time_max": 31.925844192504883
  },
  "top_samples": [
    {
      "feature_idx": 1386,
      "activation_value": 31.925844192504883,
      "tokens": [
        1277,
        5115
      ],
      "text": " its growth",
      "position": 14,
      "context_tokens": [
        1622,
        17108,
        68893,
        6210,
        4445,
        4192,
        577,
        1277,
        5115,
        235265,
        89684,
        40311,
        729,
        28914,
        685,
        476,
        65979
      ],
      "context_text": " New Jersey Zinc Company soon added to its growth. Bowmanstown was incorporated as a Borough"
    },
    {
      "feature_idx": 1386,
      "activation_value": 31.71057891845703,
      "tokens": [
        4445,
        4192
      ],
      "text": " soon added",
      "position": 11,
      "context_tokens": [
        901,
        573,
        16990,
        1622,
        17108,
        68893,
        6210,
        4445,
        4192,
        577,
        1277,
        5115,
        235265,
        89684,
        40311,
        729,
        28914
      ],
      "context_text": " but the nearby New Jersey Zinc Company soon added to its growth. Bowmanstown was incorporated"
    },
    {
      "feature_idx": 1386,
      "activation_value": 31.126333236694336,
      "tokens": [
        40311,
        729
      ],
      "text": "stown was",
      "position": 18,
      "context_tokens": [
        4445,
        4192,
        577,
        1277,
        5115,
        235265,
        89684,
        40311,
        729,
        28914,
        685,
        476,
        65979,
        611,
        5516,
        235248,
        235284
      ],
      "context_text": " soon added to its growth. Bowmanstown was incorporated as a Borough on November 2"
    },
    {
      "feature_idx": 1386,
      "activation_value": 30.57074546813965,
      "tokens": [
        28914,
        685
      ],
      "text": " incorporated as",
      "position": 20,
      "context_tokens": [
        577,
        1277,
        5115,
        235265,
        89684,
        40311,
        729,
        28914,
        685,
        476,
        65979,
        611,
        5516,
        235248,
        235284,
        235315,
        235269
      ],
      "context_text": " to its growth. Bowmanstown was incorporated as a Borough on November 29,"
    },
    {
      "feature_idx": 1386,
      "activation_value": 30.25425148010254,
      "tokens": [
        577,
        1277
      ],
      "text": " to its",
      "position": 13,
      "context_tokens": [
        16990,
        1622,
        17108,
        68893,
        6210,
        4445,
        4192,
        577,
        1277,
        5115,
        235265,
        89684,
        40311,
        729,
        28914,
        685,
        476
      ],
      "context_text": " nearby New Jersey Zinc Company soon added to its growth. Bowmanstown was incorporated as a"
    },
    {
      "feature_idx": 1386,
      "activation_value": 30.10352897644043,
      "tokens": [
        483,
        235290
      ],
      "text": "or-",
      "position": 21,
      "context_tokens": [
        108,
        235371,
        52087,
        903,
        10979,
        86788,
        235290,
        483,
        235290,
        72433,
        574,
        235283,
        1599,
        5312,
        235269,
        22440,
        8600
      ],
      "context_text": "\n|Celebrations||Trick-or-treating/guising, costume parties"
    },
    {
      "feature_idx": 1386,
      "activation_value": 30.075904846191406,
      "tokens": [
        6210,
        4445
      ],
      "text": " Company soon",
      "position": 10,
      "context_tokens": [
        235318,
        901,
        573,
        16990,
        1622,
        17108,
        68893,
        6210,
        4445,
        4192,
        577,
        1277,
        5115,
        235265,
        89684,
        40311,
        729
      ],
      "context_text": "6 but the nearby New Jersey Zinc Company soon added to its growth. Bowmanstown was"
    },
    {
      "feature_idx": 1386,
      "activation_value": 30.064430236816406,
      "tokens": [
        68893,
        6210
      ],
      "text": " Zinc Company",
      "position": 9,
      "context_tokens": [
        235315,
        235318,
        901,
        573,
        16990,
        1622,
        17108,
        68893,
        6210,
        4445,
        4192,
        577,
        1277,
        5115,
        235265,
        89684,
        40311
      ],
      "context_text": "96 but the nearby New Jersey Zinc Company soon added to its growth. Bowmanstown"
    },
    {
      "feature_idx": 1386,
      "activation_value": 30.05964469909668,
      "tokens": [
        24159,
        3394
      ],
      "text": "antusia",
      "position": 17,
      "context_tokens": [
        25510,
        591,
        16427,
        2980,
        11796,
        846,
        1576,
        24159,
        3394,
        3945,
        152055,
        12702,
        575,
        85278,
        6092,
        235265,
        1576
      ],
      "context_text": " Cuba (Cricosaura). Xantusia magdalena occurs in Baja California. X"
    },
    {
      "feature_idx": 1386,
      "activation_value": 29.87038230895996,
      "tokens": [
        729,
        28914
      ],
      "text": " was incorporated",
      "position": 19,
      "context_tokens": [
        4192,
        577,
        1277,
        5115,
        235265,
        89684,
        40311,
        729,
        28914,
        685,
        476,
        65979,
        611,
        5516,
        235248,
        235284,
        235315
      ],
      "context_text": " added to its growth. Bowmanstown was incorporated as a Borough on November 29"
    },
    {
      "feature_idx": 1386,
      "activation_value": 29.82447624206543,
      "tokens": [
        4192,
        577
      ],
      "text": " added to",
      "position": 12,
      "context_tokens": [
        573,
        16990,
        1622,
        17108,
        68893,
        6210,
        4445,
        4192,
        577,
        1277,
        5115,
        235265,
        89684,
        40311,
        729,
        28914,
        685
      ],
      "context_text": " the nearby New Jersey Zinc Company soon added to its growth. Bowmanstown was incorporated as"
    },
    {
      "feature_idx": 1386,
      "activation_value": 29.716585159301758,
      "tokens": [
        181748,
        235269
      ],
      "text": " Sable,",
      "position": 12,
      "context_tokens": [
        573,
        3413,
        576,
        10147,
        235265,
        108,
        13667,
        181748,
        235269,
        6305,
        6987,
        5842,
        1093,
        8509,
        577,
        52676,
        578
      ],
      "context_text": " the city of Chicago.\nDu Sable, whose French father had moved to Haiti and"
    },
    {
      "feature_idx": 1386,
      "activation_value": 29.53803062438965,
      "tokens": [
        235265,
        89684
      ],
      "text": ". Bowman",
      "position": 16,
      "context_tokens": [
        68893,
        6210,
        4445,
        4192,
        577,
        1277,
        5115,
        235265,
        89684,
        40311,
        729,
        28914,
        685,
        476,
        65979,
        611,
        5516
      ],
      "context_text": " Zinc Company soon added to its growth. Bowmanstown was incorporated as a Borough on November"
    },
    {
      "feature_idx": 1386,
      "activation_value": 29.519472122192383,
      "tokens": [
        86788,
        235290
      ],
      "text": "Trick-",
      "position": 19,