{
  "statistics": {
    "feature_idx": 1149,
    "num_samples": 50,
    "max_activation": 26.552322387695312,
    "mean_activation": 23.613064041137694,
    "std_activation": 0.9052486530133921,
    "min_activation": 22.503177642822266,
    "activation_count": 3748,
    "all_time_max": 26.552322387695312
  },
  "top_samples": [
    {
      "feature_idx": 1149,
      "activation_value": 26.552322387695312,
      "tokens": [
        1277,
        5115
      ],
      "text": " its growth",
      "position": 14,
      "context_tokens": [
        1622,
        17108,
        68893,
        6210,
        4445,
        4192,
        577,
        1277,
        5115,
        235265,
        89684,
        40311,
        729,
        28914,
        685,
        476,
        65979
      ],
      "context_text": " New Jersey Zinc Company soon added to its growth. Bowmanstown was incorporated as a Borough"
    },
    {
      "feature_idx": 1149,
      "activation_value": 25.724040985107422,
      "tokens": [
        4445,
        4192
      ],
      "text": " soon added",
      "position": 11,
      "context_tokens": [
        901,
        573,
        16990,
        1622,
        17108,
        68893,
        6210,
        4445,
        4192,
        577,
        1277,
        5115,
        235265,
        89684,
        40311,
        729,
        28914
      ],
      "context_text": " but the nearby New Jersey Zinc Company soon added to its growth. Bowmanstown was incorporated"
    },
    {
      "feature_idx": 1149,
      "activation_value": 25.36571502685547,
      "tokens": [
        29691,
        1064
      ],
      "text": " peoples who",
      "position": 18,
      "context_tokens": [
        3402,
        577,
        12387,
        207720,
        1865,
        4756,
        104342,
        29691,
        1064,
        36196,
        1378,
        2167,
        5088,
        576,
        62691,
        87502,
        98457
      ],
      "context_text": " due to ancient admixture between quite divergent peoples who possessed two different types of phonemic inventories"
    },
    {
      "feature_idx": 1149,
      "activation_value": 25.320093154907227,
      "tokens": [
        729,
        28914
      ],
      "text": " was incorporated",
      "position": 19,
      "context_tokens": [
        4192,
        577,
        1277,
        5115,
        235265,
        89684,
        40311,
        729,
        28914,
        685,
        476,
        65979,
        611,
        5516,
        235248,
        235284,
        235315
      ],
      "context_text": " added to its growth. Bowmanstown was incorporated as a Borough on November 29"
    },
    {
      "feature_idx": 1149,
      "activation_value": 25.160037994384766,
      "tokens": [
        68893,
        6210
      ],
      "text": " Zinc Company",
      "position": 9,
      "context_tokens": [
        235315,
        235318,
        901,
        573,
        16990,
        1622,
        17108,
        68893,
        6210,
        4445,
        4192,
        577,
        1277,
        5115,
        235265,
        89684,
        40311
      ],
      "context_text": "96 but the nearby New Jersey Zinc Company soon added to its growth. Bowmanstown"
    },
    {
      "feature_idx": 1149,
      "activation_value": 25.040157318115234,
      "tokens": [
        36196,
        1378
      ],
      "text": " possessed two",
      "position": 20,
      "context_tokens": [
        12387,
        207720,
        1865,
        4756,
        104342,
        29691,
        1064,
        36196,
        1378,
        2167,
        5088,
        576,
        62691,
        87502,
        98457,
        235269,
        2183
      ],
      "context_text": " ancient admixture between quite divergent peoples who possessed two different types of phonemic inventories, while"
    },
    {
      "feature_idx": 1149,
      "activation_value": 24.968109130859375,
      "tokens": [
        577,
        1277
      ],
      "text": " to its",
      "position": 13,
      "context_tokens": [
        16990,
        1622,
        17108,
        68893,
        6210,
        4445,
        4192,
        577,
        1277,
        5115,
        235265,
        89684,
        40311,
        729,
        28914,
        685,
        476
      ],
      "context_text": " nearby New Jersey Zinc Company soon added to its growth. Bowmanstown was incorporated as a"
    },
    {
      "feature_idx": 1149,
      "activation_value": 24.627056121826172,
      "tokens": [
        28914,
        685
      ],
      "text": " incorporated as",
      "position": 20,
      "context_tokens": [
        577,
        1277,
        5115,
        235265,
        89684,
        40311,
        729,
        28914,
        685,
        476,
        65979,
        611,
        5516,
        235248,
        235284,
        235315,
        235269
      ],
      "context_text": " to its growth. Bowmanstown was incorporated as a Borough on November 29,"
    },
    {
      "feature_idx": 1149,
      "activation_value": 24.50603485107422,
      "tokens": [
        40311,
        729
      ],
      "text": "stown was",
      "position": 18,
      "context_tokens": [
        4445,
        4192,
        577,
        1277,
        5115,
        235265,
        89684,
        40311,
        729,
        28914,
        685,
        476,
        65979,
        611,
        5516,
        235248,
        235284
      ],
      "context_text": " soon added to its growth. Bowmanstown was incorporated as a Borough on November 2"
    },
    {
      "feature_idx": 1149,
      "activation_value": 24.16492462158203,
      "tokens": [
        1064,
        36196
      ],
      "text": " who possessed",
      "position": 19,
      "context_tokens": [
        577,
        12387,
        207720,
        1865,
        4756,
        104342,
        29691,
        1064,
        36196,
        1378,
        2167,
        5088,
        576,
        62691,
        87502,
        98457,
        235269
      ],
      "context_text": " to ancient admixture between quite divergent peoples who possessed two different types of phonemic inventories,"
    },
    {
      "feature_idx": 1149,
      "activation_value": 24.01552391052246,
      "tokens": [
        1546,
        69221
      ],
      "text": " most Africans",
      "position": 30,
      "context_tokens": [
        5088,
        576,
        62691,
        87502,
        98457,
        235269,
        2183,
        1546,
        69221,
        46442
      ],
      "context_text": " types of phonemic inventories, while most Africans inherited"
    },
    {
      "feature_idx": 1149,
      "activation_value": 23.919519424438477,
      "tokens": [
        1865,
        4756
      ],
      "text": " between quite",
      "position": 15,
      "context_tokens": [
        87502,
        19871,
        603,
        3402,
        577,
        12387,
        207720,
        1865,
        4756,
        104342,
        29691,
        1064,
        36196,
        1378,
        2167,
        5088,
        576
      ],
      "context_text": "emic diversity is due to ancient admixture between quite divergent peoples who possessed two different types of"
    },
    {
      "feature_idx": 1149,
      "activation_value": 23.904693603515625,
      "tokens": [
        1378,
        2167
      ],
      "text": " two different",
      "position": 21,
      "context_tokens": [
        207720,
        1865,
        4756,
        104342,
        29691,
        1064,
        36196,
        1378,
        2167,
        5088,
        576,
        62691,
        87502,
        98457,
        235269,
        2183,
        1546
      ],
      "context_text": " admixture between quite divergent peoples who possessed two different types of phonemic inventories, while most"
    },
    {
      "feature_idx": 1149,
      "activation_value": 23.88876724243164,