{
  "statistics": {
    "feature_idx": 533,
    "num_samples": 14,
    "max_activation": 11.652482032775879,
    "mean_activation": 7.4807485682623724,
    "std_activation": 2.843066913702924,
    "min_activation": 3.402599811553955,
    "activation_count": 14,
    "all_time_max": 11.652482032775879
  },
  "top_samples": [
    {
      "feature_idx": 533,
      "activation_value": 11.652482032775879,
      "tokens": [
        235304,
        235284
      ],
      "text": "32",
      "position": 13,
      "context_tokens": [
        235269,
        235248,
        235324,
        235321,
        235308,
        235290,
        235308,
        235304,
        235284,
        235290,
        235308,
        235324,
        235310,
        235276,
        235269,
        150074,
        235265
      ],
      "context_text": ", 785-532-5740, firstname."
    },
    {
      "feature_idx": 533,
      "activation_value": 11.405451774597168,
      "tokens": [
        235284,
        235290
      ],
      "text": "2-",
      "position": 14,
      "context_tokens": [
        235248,
        235324,
        235321,
        235308,
        235290,
        235308,
        235304,
        235284,
        235290,
        235308,
        235324,
        235310,
        235276,
        235269,
        150074,
        235265,
        57311
      ],
      "context_text": " 785-532-5740, firstname.lastname"
    },
    {
      "feature_idx": 533,
      "activation_value": 10.261063575744629,
      "tokens": [
        235308,
        235290
      ],
      "text": "5-",
      "position": 10,
      "context_tokens": [
        235292,
        23114,
        49465,
        235269,
        235248,
        235324,
        235321,
        235308,
        235290,
        235308,
        235304,
        235284,
        235290,
        235308,
        235324,
        235310,
        235276
      ],
      "context_text": ": Steven Maxwell, 785-532-5740"
    },
    {
      "feature_idx": 533,
      "activation_value": 10.097044944763184,
      "tokens": [
        235324,
        235310
      ],
      "text": "74",
      "position": 17,
      "context_tokens": [
        235308,
        235290,
        235308,
        235304,
        235284,
        235290,
        235308,
        235324,
        235310,
        235276,
        235269,
        150074,
        235265,
        57311,
        235348,
        7310,
        235265
      ],
      "context_text": "5-532-5740, firstname.lastname@example."
    },
    {
      "feature_idx": 533,
      "activation_value": 8.521727561950684,
      "tokens": [
        235290,
        235308
      ],
      "text": "-5",
      "position": 11,
      "context_tokens": [
        23114,
        49465,
        235269,
        235248,
        235324,
        235321,
        235308,
        235290,
        235308,
        235304,
        235284,
        235290,
        235308,
        235324,
        235310,
        235276,
        235269
      ],
      "context_text": " Steven Maxwell, 785-532-5740,"
    },
    {
      "feature_idx": 533,
      "activation_value": 8.467116355895996,
      "tokens": [
        235308,
        235304
      ],
      "text": "53",
      "position": 12,
      "context_tokens": [
        49465,
        235269,
        235248,
        235324,
        235321,
        235308,
        235290,
        235308,
        235304,
        235284,
        235290,
        235308,
        235324,
        235310,
        235276,
        235269,
        150074
      ],
      "context_text": " Maxwell, 785-532-5740, firstname"
    },
    {
      "feature_idx": 533,
      "activation_value": 8.184678077697754,
      "tokens": [
        235308,
        235324
      ],
      "text": "57",
      "position": 16,
      "context_tokens": [
        235321,
        235308,
        235290,
        235308,
        235304,
        235284,
        235290,
        235308,
        235324,
        235310,
        235276,
        235269,
        150074,
        235265,
        57311,
        235348,
        7310
      ],
      "context_text": "85-532-5740, firstname.lastname@example"
    },
    {
      "feature_idx": 533,
      "activation_value": 8.130110740661621,
      "tokens": [
        235290,
        235308
      ],
      "text": "-5",
      "position": 15,
      "context_tokens": [
        235324,
        235321,
        235308,
        235290,
        235308,
        235304,
        235284,
        235290,
        235308,
        235324,
        235310,
        235276,
        235269,
        150074,
        235265,
        57311,
        235348
      ],
      "context_text": "785-532-5740, firstname.lastname@"
    },
    {
      "feature_idx": 533,
      "activation_value": 7.93912935256958,
      "tokens": [
        235310,
        235276
      ],
      "text": "40",
      "position": 18,
      "context_tokens": [
        235290,
        235308,
        235304,
        235284,
        235290,
        235308,
        235324,
        235310,
        235276,
        235269,
        150074,
        235265,
        57311,
        235348,
        7310,
        235265,
        2164
      ],
      "context_text": "-532-5740, firstname.lastname@example.org"
    },
    {
      "feature_idx": 533,
      "activation_value": 5.236798286437988,
      "tokens": [
        235276,
        235269
      ],
      "text": "0,",
      "position": 19,
      "context_tokens": [
        235308,
        235304,
        235284,
        235290,
        235308,
        235324,
        235310,
        235276,
        235269,
        150074,
        235265,
        57311,
        235348,
        7310,
        235265,
        2164,
        235265
      ],
      "context_text": "532-5740, firstname.lastname@example.org."
    },
    {
      "feature_idx": 533,
      "activation_value": 4.39390754699707,
      "tokens": [
        235321,
        235308
      ],
      "text": "85",
      "position": 9,
      "context_tokens": [
        3154,
        235292,
        23114,
        49465,
        235269,
        235248,
        235324,
        235321,
        235308,
        235290,
        235308,
        235304,
        235284,
        235290,
        235308,
        235324,
        235310
      ],
      "context_text": "Source: Steven Maxwell, 785-532-574"
    },
    {
      "feature_idx": 533,
      "activation_value": 3.601553440093994,
      "tokens": [
        57311,
        235348
      ],
      "text": "lastname@",
      "position": 23,
      "context_tokens": [
        235308,
        235324,
        235310,
        235276,
        235269,
        150074,
        235265,
        57311,
        235348,
        7310,
        235265,
        2164,
        235265,
        108,
        5041,
        577,
        10476
      ],
      "context_text": "5740, firstname.lastname@example.org.\nNote to editor"
    },
    {
      "feature_idx": 533,
      "activation_value": 3.436816453933716,
      "tokens": [
        235265,
        2164
      ],
      "text": ".org",
      "position": 26,
      "context_tokens": [
        235276,
        235269,
        150074,
        235265,
        57311,
        235348,
        7310,
        235265,
        2164,
        235265,
        108,
        5041,
        577,
        10476
      ],
      "context_text": "0, firstname.lastname@example.org.\nNote to editor"
    },
    {
      "feature_idx": 533,
      "activation_value": 3.402599811553955,
      "tokens": [
        235348,
        7310
      ],
      "text": "@example",
      "position": 24,
      "context_tokens": [
        235324,
        235310,
        235276,
        235269,
        150074,
        235265,
        57311,
        235348,
        7310,
        235265,
        2164,
        235265,
        108,
        5041,
        577,
        10476
      ],
      "context_text": "740, firstname.lastname@example.org.\nNote to editor"
    }
  ]
}