{
  "statistics": {
    "feature_idx": 2224,
    "num_samples": 22,
    "max_activation": 21.465951919555664,
    "mean_activation": 8.209232102740895,
    "std_activation": 4.5476895018277075,
    "min_activation": 2.6439507007598877,
    "activation_count": 22,
    "all_time_max": 21.465951919555664
  },
  "top_samples": [
    {
      "feature_idx": 2224,
      "activation_value": 21.465951919555664,
      "tokens": [
        235276,
        235274
      ],
      "text": "01",
      "position": 14,
      "context_tokens": [
        235269,
        5225,
        235248,
        235324,
        235269,
        235248,
        235284,
        235276,
        235274,
        235274,
        108,
        2437,
        2456,
        56134,
        575,
        11678,
        235336
      ],
      "context_text": ", September 7, 2011\nIs There Oxygen in Space?"
    },
    {
      "feature_idx": 2224,
      "activation_value": 15.30361270904541,
      "tokens": [
        235276,
        235274
      ],
      "text": "01",
      "position": 18,
      "context_tokens": [
        24023,
        108,
        235284,
        235324,
        4826,
        235248,
        235284,
        235276,
        235274,
        235276,
        108,
        651,
        4731,
        576,
        3486,
        1461,
        575
      ],
      "context_text": " prevention\n27 August 2010\nThe role of young people in"
    },
    {
      "feature_idx": 2224,
      "activation_value": 12.954440116882324,
      "tokens": [
        235276,
        235274
      ],
      "text": "01",
      "position": 19,
      "context_tokens": [
        4887,
        21194,
        2403,
        575,
        4061,
        235248,
        235284,
        235276,
        235274,
        235304,
        108,
        10811,
        1104,
        791,
        1125,
        578,
        5374
      ],
      "context_text": " hit historic level in early 2013\nWhile there have been and continue"
    },
    {
      "feature_idx": 2224,
      "activation_value": 12.576374053955078,
      "tokens": [
        235276,
        235274
      ],
      "text": "01",
      "position": 15,
      "context_tokens": [
        235269,
        3896,
        235248,
        235274,
        235269,
        235248,
        235284,
        235276,
        235274,
        235276,
        6440,
        44161,
        235269,
        21120,
        235248,
        235304,
        235274
      ],
      "context_text": ", Aug 1, 2010 ~ Wed, Jul 31"
    },
    {
      "feature_idx": 2224,
      "activation_value": 11.978998184204102,
      "tokens": [
        235276,
        235274
      ],
      "text": "01",
      "position": 10,
      "context_tokens": [
        235292,
        11605,
        235248,
        235315,
        235269,
        235248,
        235284,
        235276,
        235274,
        235284,
        235248,
        235304,
        235292,
        235276,
        235276,
        5907,
        731
      ],
      "context_text": ": Oct 9, 2012 3:00 PM by"
    },
    {
      "feature_idx": 2224,
      "activation_value": 10.431572914123535,
      "tokens": [
        235315,
        235315
      ],
      "text": "99",
      "position": 19,
      "context_tokens": [
        15339,
        235248,
        235276,
        235274,
        235269,
        235248,
        235274,
        235315,
        235315,
        235315,
        108,
        651,
        14511,
        576,
        10080,
        19509,
        7378
      ],
      "context_text": "December 01, 1999\nThe Bureau of Labor Statistics recently"
    },
    {
      "feature_idx": 2224,
      "activation_value": 9.72908878326416,
      "tokens": [
        235276,
        235274
      ],
      "text": "01",
      "position": 26,
      "context_tokens": [
        108,
        235371,
        9370,
        576,
        36509,
        10979,
        235284,
        235276,
        235274,
        235276,
        235371,
        108,
        235371,
        18517
      ],
      "context_text": "\n|Year of Publication||2010|\n|Authors"
    },
    {
      "feature_idx": 2224,
      "activation_value": 9.573012351989746,
      "tokens": [
        235276,
        235276
      ],
      "text": "00",
      "position": 31,
      "context_tokens": [
        6307,
        37533,
        108,
        235371,
        236011,
        235248,
        235284,
        235276,
        235276
      ],
      "context_text": " Design Guidelines\n|\u00a9 200"
    },
    {
      "feature_idx": 2224,
      "activation_value": 9.44506549835205,
      "tokens": [
        235315,
        235315
      ],
      "text": "99",
      "position": 26,
      "context_tokens": [
        591,
        4914,
        235248,
        235321,
        235269,
        235248,
        235274,
        235315,
        235315,
        235315,
        235275,
        108,
        235371,
        5539
      ],
      "context_text": " (May 8, 1999)\n|<<"
    },
    {
      "feature_idx": 2224,
      "activation_value": 8.784354209899902,
      "tokens": [
        235315,
        235315
      ],
      "text": "99",
      "position": 15,
      "context_tokens": [
        235280,
        235275,
        108,
        83377,
        575,
        235248,
        235274,
        235315,
        235315,
        235318,
        235269,
        714,
        24874,
        576,
        44546,
        5031,
        591
      ],
      "context_text": "A)\nPassed in 1996, The Defense of Marriage Act ("
    },
    {
      "feature_idx": 2224,
      "activation_value": 7.5280232429504395,
      "tokens": [
        235276,
        235276
      ],
      "text": "00",
      "position": 12,
      "context_tokens": [
        235265,
        108,
        235274,
        235274,
        6363,
        235248,
        235284,
        235276,
        235276,
        235308,
        108,
        235294,
        19692,
        101138,
        826,
        29521,
        235249
      ],
      "context_text": ".\n11 February 2005\nRhododendron lochiae"
    },
    {
      "feature_idx": 2224,
      "activation_value": 6.586027145385742,
      "tokens": [
        235276,
        235274
      ],
      "text": "01",
      "position": 31,
      "context_tokens": [
        603,
        5163,
        1508,
        4061,
        575,
        235248,
        235284,
        235276,
        235274
      ],
      "context_text": " is coming very early in 201"
    },
    {
      "feature_idx": 2224,
      "activation_value": 6.542459964752197,
      "tokens": [
        235276,
        235276
      ],
      "text": "00",
      "position": 17,
      "context_tokens": [
        3520,
        3858,
        13484,
        13440,
        1865,
        235248,
        235284,
        235276,
        235276,
        235318,
        578,
        235248,
        235284,
        235276,
        235276,
        235315,
        2862
      ],
      "context_text": " United States remained stable between 2006 and 2009 though"
    },
    {
      "feature_idx": 2224,
      "activation_value": 5.948436260223389,
      "tokens": [
        235276,
        235276
      ],
      "text": "00",
      "position": 23,
      "context_tokens": [
        235284,
        235276,
        235276,
        235318,
        578,
        235248,
        235284,
        235276,
        235276,
        235315,
        2862,
        27790,
        6629,
        3932,
        3486,
        2656,
        18104
      ],
      "context_text": "2006 and 2009 though infections increased among young black gay"
    },
    {
      "feature_idx": 2224,
      "activation_value": 5.481800556182861,
      "tokens": [
        235276,
        235274
      ],
      "text": "01",
      "position": 28,