{
  "statistics": {
    "feature_idx": 2331,
    "num_samples": 50,
    "max_activation": 18.704675674438477,
    "mean_activation": 13.750923080444336,
    "std_activation": 1.5318364407388751,
    "min_activation": 11.992325782775879,
    "activation_count": 1299,
    "all_time_max": 18.704675674438477
  },
  "top_samples": [
    {
      "feature_idx": 2331,
      "activation_value": 18.704675674438477,
      "tokens": [
        604,
        58317
      ],
      "text": " for tuberculosis",
      "position": 6,
      "context_tokens": [
        2,
        4038,
        3077,
        5685,
        7435,
        604,
        58317,
        603,
        19641,
        235269,
        476,
        4913,
        26050,
        731,
        1536
      ],
      "context_text": "<bos>One possible risk factor for tuberculosis is diabetes, a condition characterized by high"
    },
    {
      "feature_idx": 2331,
      "activation_value": 17.052541732788086,
      "tokens": [
        888,
        24345
      ],
      "text": " new HIV",
      "position": 5,
      "context_tokens": [
        2,
        651,
        3974,
        576,
        888,
        24345,
        27790,
        575,
        573,
        3520,
        3858,
        13484,
        13440,
        1865
      ],
      "context_text": "<bos>The rate of new HIV infections in the United States remained stable between"
    },
    {
      "feature_idx": 2331,
      "activation_value": 16.755002975463867,
      "tokens": [
        15103,
        25175
      ],
      "text": " Personal computers",
      "position": 11,
      "context_tokens": [
        4707,
        235248,
        235284,
        235324,
        591,
        37057,
        235275,
        15103,
        25175,
        708,
        4847,
        4998,
        1163,
        573,
        2040,
        576,
        3515
      ],
      "context_text": " July 27 (IANS) Personal computers are fast taking over the place of human"
    },
    {
      "feature_idx": 2331,
      "activation_value": 16.703338623046875,
      "tokens": [
        14586,
        172501
      ],
      "text": " severe Crohn",
      "position": 20,
      "context_tokens": [
        3958,
        235269,
        1013,
        692,
        1093,
        23135,
        577,
        14586,
        172501,
        235303,
        235256,
        235269,
        1104,
        1049,
        2619,
        5158,
        4561
      ],
      "context_text": " ago, if you had moderate to severe Crohn's, there were few treatment options"
    },
    {
      "feature_idx": 2331,
      "activation_value": 16.128524780273438,
      "tokens": [
        14354,
        9198
      ],
      "text": " bone cancer",
      "position": 4,
      "context_tokens": [
        2,
        1841,
        603,
        14354,
        9198,
        235336,
        108,
        54234,
        603,
        573,
        15087,
        674,
        15093
      ],
      "context_text": "<bos>What is bone cancer?\nBone is the framework that supports"
    },
    {
      "feature_idx": 2331,
      "activation_value": 16.07037353515625,
      "tokens": [
        235265,
        25823
      ],
      "text": ". Marshall",
      "position": 8,
      "context_tokens": [
        2,
        235290,
        41967,
        40082,
        108,
        21175,
        585,
        235265,
        25823,
        9850,
        108,
        651,
        18862,
        14613,
        577,
        573,
        1913
      ],
      "context_text": "<bos>- Historic Sites\nGeorge C. Marshall Museum\nThe museum dedicated to the life"
    },
    {
      "feature_idx": 2331,
      "activation_value": 15.554435729980469,
      "tokens": [
        632,
        44860
      ],
      "text": " concussions",
      "position": 10,
      "context_tokens": [
        577,
        573,
        4460,
        576,
        573,
        7888,
        235269,
        632,
        44860,
        798,
        5489,
        575,
        2003,
        19636,
        235265,
        878,
        573
      ],
      "context_text": " to the nature of the sport, concussions can occur in water polo. In the"
    },
    {
      "feature_idx": 2331,
      "activation_value": 15.414607048034668,
      "tokens": [
        573,
        14216
      ],
      "text": " the Canadian",
      "position": 13,
      "context_tokens": [
        235269,
        235248,
        235284,
        235276,
        235274,
        235274,
        235269,
        573,
        14216,
        19985,
        5138,
        591,
        93336,
        235275,
        5504,
        674,
        573
      ],
      "context_text": ", 2011, the Canadian Ice Service (CIS) reported that the"
    },
    {
      "feature_idx": 2331,
      "activation_value": 15.311738014221191,
      "tokens": [
        2,
        64118
      ],
      "text": "<bos>Indonesia",
      "position": 1,
      "context_tokens": [
        2,
        64118,
        603,
        3836,
        604,
        1855,
        47024,
        577,
        4158,
        64448
      ],
      "context_text": "<bos>Indonesia is known for being prone to natural disasters"
    },
    {
      "feature_idx": 2331,
      "activation_value": 14.953754425048828,
      "tokens": [
        1342,
        5903
      ],
      "text": "IDCD",
      "position": 4,
      "context_tokens": [
        2,
        651,
        646,
        1342,
        5903,
        12871,
        877,
        3658,
        697,
        235304,
        235276,
        235276,
        235269
      ],
      "context_text": "<bos>The NIDCD award will provide $300,"
    },
    {
      "feature_idx": 2331,
      "activation_value": 14.928939819335938,
      "tokens": [
        603,
        14354
      ],
      "text": " is bone",
      "position": 3,
      "context_tokens": [
        2,
        1841,
        603,
        14354,
        9198,
        235336,
        108,
        54234,
        603,
        573,
        15087,
        674
      ],
      "context_text": "<bos>What is bone cancer?\nBone is the framework that"
    },
    {
      "feature_idx": 2331,
      "activation_value": 14.782808303833008,
      "tokens": [
        2003,
        19636
      ],
      "text": " water polo",
      "position": 15,
      "context_tokens": [
        7888,
        235269,
        632,
        44860,
        798,
        5489,
        575,
        2003,
        19636,
        235265,
        878,
        573,
        11585,
        3679,
        3320,
        12028,
        575
      ],
      "context_text": " sport, concussions can occur in water polo. In the injury research study conducted in"
    },
    {
      "feature_idx": 2331,
      "activation_value": 14.732489585876465,
      "tokens": [
        235283,
        22184
      ],
      "text": "/GY",
      "position": 5,
      "context_tokens": [
        2,
        2169,
        671,
        23167,
        235283,
        22184,
        235300,
        25895,
        235269,
        590,
        1230,
        99063,
        573,
        41117
      ],
      "context_text": "<bos>As an OB/GYN physician, I know intimately the dangers"
    },
    {
      "feature_idx": 2331,
      "activation_value": 14.537353515625,
      "tokens": [
        235280,
        41821
      ],
      "text": "A cardiac",
      "position": 13,
      "context_tokens": [
        235321,
        235310,
        235308,
        235324,
        235308,
        586,
        108,
        235280,
        41821,
        233721,
        22787,
        22997,
        603,
        25732,
        577,
        954,
        18506
      ],
      "context_text": "84575 A\nA cardiac pacemaker pulse generator is adapted to .generate"
    },
    {
      "feature_idx": 2331,
      "activation_value": 14.446562767028809,
      "tokens": [
        575,
        43148
      ],
      "text": " in Guinea",
      "position": 5,