{
  "statistics": {
    "feature_idx": 276,
    "num_samples": 50,
    "max_activation": 12.63121509552002,
    "mean_activation": 8.519392528533935,
    "std_activation": 1.9706509277548476,
    "min_activation": 5.614149570465088,
    "activation_count": 98,
    "all_time_max": 12.63121509552002
  },
  "top_samples": [
    {
      "feature_idx": 276,
      "activation_value": 12.63121509552002,
      "tokens": [
        235292,
        908
      ],
      "text": ": up",
      "position": 17,
      "context_tokens": [
        83788,
        204969,
        940,
        952,
        235275,
        108,
        6227,
        235292,
        908,
        577,
        1105,
        235248,
        235274,
        235310,
        9828,
        235269,
        7546
      ],
      "context_text": "otus grunniens)\nLength: up to about 14 inches, although"
    },
    {
      "feature_idx": 276,
      "activation_value": 12.611006736755371,
      "tokens": [
        7546,
        665
      ],
      "text": " although it",
      "position": 26,
      "context_tokens": [
        577,
        1105,
        235248,
        235274,
        235310,
        9828,
        235269,
        7546,
        665,
        1249,
        3831,
        4756,
        2910,
        575
      ],
      "context_text": " to about 14 inches, although it may become quite large in"
    },
    {
      "feature_idx": 276,
      "activation_value": 12.49680233001709,
      "tokens": [
        36529,
        4401
      ],
      "text": " spotted cat",
      "position": 23,
      "context_tokens": [
        9051,
        12295,
        235261,
        1398,
        235269,
        573,
        100522,
        36529,
        4401,
        674,
        603,
        573,
        12324,
        2840,
        62446,
        575,
        573
      ],
      "context_text": " protect jaguars, the elusive spotted cat that is the biggest land predator in the"
    },
    {
      "feature_idx": 276,
      "activation_value": 12.120502471923828,
      "tokens": [
        1105,
        235248
      ],
      "text": " about ",
      "position": 20,
      "context_tokens": [
        952,
        235275,
        108,
        6227,
        235292,
        908,
        577,
        1105,
        235248,
        235274,
        235310,
        9828,
        235269,
        7546,
        665,
        1249,
        3831
      ],
      "context_text": "ens)\nLength: up to about 14 inches, although it may become"
    },
    {
      "feature_idx": 276,
      "activation_value": 11.930642127990723,
      "tokens": [
        940,
        952
      ],
      "text": "niens",
      "position": 12,
      "context_tokens": [
        728,
        591,
        7771,
        545,
        14375,
        83788,
        204969,
        940,
        952,
        235275,
        108,
        6227,
        235292,
        908,
        577,
        1105,
        235248
      ],
      "context_text": " - (Aplodinotus grunniens)\nLength: up to about "
    },
    {
      "feature_idx": 276,
      "activation_value": 11.261903762817383,
      "tokens": [
        7640,
        162532
      ],
      "text": " Blue Marlin",
      "position": 26,
      "context_tokens": [
        575,
        2145,
        21464,
        578,
        91444,
        14372,
        235265,
        7640,
        162532,
        23725,
        4061,
        235269,
        7872,
        1767
      ],
      "context_text": " in both tropical and temperate waters. Blue Marlin mature early, produce many"
    },
    {
      "feature_idx": 276,
      "activation_value": 11.2413911819458,
      "tokens": [
        14090,
        74750
      ],
      "text": "Because elephants",
      "position": 31,
      "context_tokens": [
        611,
        74750,
        577,
        1707,
        1174,
        235265,
        108,
        14090,
        74750
      ],
      "context_text": " on elephants to help them.\nBecause elephants"
    },
    {
      "feature_idx": 276,
      "activation_value": 11.049163818359375,
      "tokens": [
        228033,
        6202
      ],
      "text": " pelagic species",
      "position": 14,
      "context_tokens": [
        31237,
        108,
        10716,
        162532,
        603,
        476,
        2910,
        228033,
        6202,
        235269,
        1942,
        42303,
        575,
        2145,
        21464,
        578,
        91444
      ],
      "context_text": " Hawaii\nBlue Marlin is a large pelagic species, found globally in both tropical and temperate"
    },
    {
      "feature_idx": 276,
      "activation_value": 10.920767784118652,
      "tokens": [
        235261,
        1398
      ],
      "text": "uars",
      "position": 18,
      "context_tokens": [
        12443,
        476,
        12363,
        92931,
        577,
        9051,
        12295,
        235261,
        1398,
        235269,
        573,
        100522,
        36529,
        4401,
        674,
        603,
        573
      ],
      "context_text": " joined a regional pact to protect jaguars, the elusive spotted cat that is the"
    },
    {
      "feature_idx": 276,
      "activation_value": 10.728480339050293,
      "tokens": [
        573,
        12324
      ],
      "text": " the biggest",
      "position": 27,
      "context_tokens": [
        235269,
        573,
        100522,
        36529,
        4401,
        674,
        603,
        573,
        12324,
        2840,
        62446,
        575,
        573
      ],
      "context_text": ", the elusive spotted cat that is the biggest land predator in the"
    },
    {
      "feature_idx": 276,
      "activation_value": 10.5551118850708,
      "tokens": [
        100522,
        36529
      ],
      "text": " elusive spotted",
      "position": 22,
      "context_tokens": [
        577,
        9051,
        12295,
        235261,
        1398,
        235269,
        573,
        100522,
        36529,
        4401,
        674,
        603,
        573,
        12324,
        2840,
        62446,
        575
      ],
      "context_text": " to protect jaguars, the elusive spotted cat that is the biggest land predator in"
    },
    {
      "feature_idx": 276,
      "activation_value": 10.283050537109375,
      "tokens": [
        235269,
        1942
      ],
      "text": ", found",
      "position": 16,
      "context_tokens": [
        10716,
        162532,
        603,
        476,
        2910,
        228033,
        6202,
        235269,
        1942,
        42303,
        575,
        2145,
        21464,
        578,
        91444,
        14372,
        235265
      ],
      "context_text": "Blue Marlin is a large pelagic species, found globally in both tropical and temperate waters."
    },
    {
      "feature_idx": 276,
      "activation_value": 10.046529769897461,
      "tokens": [
        14375,
        83788
      ],
      "text": "dinotus",
      "position": 9,
      "context_tokens": [
        34144,
        6213,
        44351,
        728,
        591,
        7771,
        545,
        14375,
        83788,
        204969,
        940,
        952,
        235275,
        108,
        6227,
        235292,
        908
      ],
      "context_text": "Freshwater Drum - (Aplodinotus grunniens)\nLength: up"
    },
    {
      "feature_idx": 276,
      "activation_value": 9.649223327636719,
      "tokens": [
        42303,
        575
      ],
      "text": " globally in",
      "position": 18,
      "context_tokens": [
        603,
        476,
        2910,
        228033,
        6202,
        235269,
        1942,
        42303,
        575,
        2145,
        21464,
        578,
        91444,
        14372,
        235265,
        7640,
        162532
      ],
      "context_text": " is a large pelagic species, found globally in both tropical and temperate waters. Blue Marlin"
    },
    {
      "feature_idx": 276,