{
  "statistics": {
    "feature_idx": 811,
    "num_samples": 4,
    "max_activation": 15.095806121826172,
    "mean_activation": 6.256626307964325,
    "std_activation": 5.105932286742542,
    "min_activation": 3.089284658432007,
    "activation_count": 4,
    "all_time_max": 15.095806121826172
  },
  "top_samples": [
    {
      "feature_idx": 811,
      "activation_value": 15.095806121826172,
      "tokens": [
        578
      ],
      "text": " and",
      "position": 0,
      "context_tokens": [
        578,
        9228,
        708,
        573,
        8611,
        4644,
        1178,
        573,
        7418
      ],
      "context_text": " and communication are the norm rather than the exception"
    },
    {
      "feature_idx": 811,
      "activation_value": 3.5513806343078613,
      "tokens": [
        578,
        9228
      ],
      "text": " and communication",
      "position": 1,
      "context_tokens": [
        578,
        9228,
        708,
        573,
        8611,
        4644,
        1178,
        573,
        7418,
        235265
      ],
      "context_text": " and communication are the norm rather than the exception."
    },
    {
      "feature_idx": 811,
      "activation_value": 3.2900338172912598,
      "tokens": [
        524
      ],
      "text": "ve",
      "position": 0,
      "context_tokens": [
        524,
        1125,
        2412,
        736,
        6178,
        2754,
        573,
        7489,
        235265
      ],
      "context_text": "ve been following this technology since the beginning."
    },
    {
      "feature_idx": 811,
      "activation_value": 3.089284658432007,
      "tokens": [
        685
      ],
      "text": " as",
      "position": 0,
      "context_tokens": [
        685,
        984,
        708,
        3968,
        235265,
        6372,
        685,
        6269,
        578
      ],
      "context_text": " as they are similar. Just as political and"
    }
  ]
}