{
  "statistics": {
    "feature_idx": 333,
    "num_samples": 50,
    "max_activation": 14.183943748474121,
    "mean_activation": 7.6188046264648435,
    "std_activation": 1.6814482985789367,
    "min_activation": 5.911156177520752,
    "activation_count": 329,
    "all_time_max": 14.183943748474121
  },
  "top_samples": [
    {
      "feature_idx": 333,
      "activation_value": 14.183943748474121,
      "tokens": [
        4030,
        578
      ],
      "text": "Form and",
      "position": 16,
      "context_tokens": [
        235269,
        19634,
        235269,
        8123,
        235269,
        2674,
        108,
        4030,
        578,
        11045,
        235292,
        108,
        100140,
        13770,
        110874,
        791,
        476
      ],
      "context_text": ", bronze, yellow, white\nForm and Size:\nDaisy spray mums have a"
    },
    {
      "feature_idx": 333,
      "activation_value": 10.707331657409668,
      "tokens": [
        108,
        235371
      ],
      "text": "\n|",
      "position": 14,
      "context_tokens": [
        235269,
        4616,
        235269,
        595,
        235290,
        235288,
        235371,
        108,
        235371,
        2504,
        24809,
        10979,
        235284,
        235276,
        235274,
        235276,
        19214
      ],
      "context_text": ", King, M-C|\n|Date Published||2010 Apr"
    },
    {
      "feature_idx": 333,
      "activation_value": 10.578858375549316,
      "tokens": [
        108,
        4030
      ],
      "text": "\nForm",
      "position": 15,
      "context_tokens": [
        10436,
        235269,
        19634,
        235269,
        8123,
        235269,
        2674,
        108,
        4030,
        578,
        11045,
        235292,
        108,
        100140,
        13770,
        110874,
        791
      ],
      "context_text": " orange, bronze, yellow, white\nForm and Size:\nDaisy spray mums have"
    },
    {
      "feature_idx": 333,
      "activation_value": 9.799098014831543,
      "tokens": [
        49571,
        235403
      ],
      "text": " mills\u2014",
      "position": 26,
      "context_tokens": [
        74708,
        235269,
        80511,
        206449,
        235269,
        578,
        31747,
        49571,
        235403,
        1175,
        3936,
        10541,
        576,
        6092
      ],
      "context_text": " wards, oyster cellars, and gin mills\u2014the future leaders of California"
    },
    {
      "feature_idx": 333,
      "activation_value": 9.763566970825195,
      "tokens": [
        108,
        99118
      ],
      "text": "\nNearly",
      "position": 9,
      "context_tokens": [
        235248,
        235284,
        235276,
        235274,
        235274,
        29281,
        235265,
        108,
        99118,
        974,
        575,
        235248,
        235274,
        235276,
        1461,
        575,
        6879
      ],
      "context_text": " 2011 Census.\nNearly one in 10 people in England"
    },
    {
      "feature_idx": 333,
      "activation_value": 9.545138359069824,
      "tokens": [
        11045,
        235292
      ],
      "text": " Size:",
      "position": 18,
      "context_tokens": [
        235269,
        8123,
        235269,
        2674,
        108,
        4030,
        578,
        11045,
        235292,
        108,
        100140,
        13770,
        110874,
        791,
        476,
        102377,
        13265
      ],
      "context_text": ", yellow, white\nForm and Size:\nDaisy spray mums have a leafy stem"
    },
    {
      "feature_idx": 333,
      "activation_value": 9.526201248168945,
      "tokens": [
        235248,
        235284
      ],
      "text": " 2",
      "position": 21,
      "context_tokens": [
        8778,
        235269,
        4482,
        235248,
        235274,
        235321,
        235269,
        235248,
        235284,
        235276,
        235274,
        235304,
        108,
        49003,
        235303,
        235277,
        27129
      ],
      "context_text": " Monday, March 18, 2013\nEDITOR'S NOTE"
    },
    {
      "feature_idx": 333,
      "activation_value": 9.29920768737793,
      "tokens": [
        575,
        235248
      ],
      "text": " in ",
      "position": 12,
      "context_tokens": [
        235274,
        235274,
        29281,
        235265,
        108,
        99118,
        974,
        575,
        235248,
        235274,
        235276,
        1461,
        575,
        6879,
        578,
        20289,
        728
      ],
      "context_text": "11 Census.\nNearly one in 10 people in England and Wales -"
    },
    {
      "feature_idx": 333,
      "activation_value": 9.280559539794922,
      "tokens": [
        235265,
        108
      ],
      "text": ".\n",
      "position": 8,
      "context_tokens": [
        573,
        235248,
        235284,
        235276,
        235274,
        235274,
        29281,
        235265,
        108,
        99118,
        974,
        575,
        235248,
        235274,
        235276,
        1461,
        575
      ],
      "context_text": " the 2011 Census.\nNearly one in 10 people in"
    },
    {
      "feature_idx": 333,
      "activation_value": 9.274347305297852,
      "tokens": [
        108,
        235371
      ],
      "text": "\n|",
      "position": 5,
      "context_tokens": [
        235318,
        8057,
        20236,
        173854,
        108,
        235371,
        1596,
        21061,
        108111,
        14350,
        6215,
        6307,
        37533,
        235403
      ],
      "context_text": "6 Microsoft Corp.|\n|This tutorial\u2014.NET Type Design Guidelines\u2014"
    },
    {
      "feature_idx": 333,
      "activation_value": 9.170428276062012,
      "tokens": [
        12773,
        235349
      ],
      "text": " Children\u2019",
      "position": 6,
      "context_tokens": [
        4890,
        1105,
        43148,
        108,
        235290,
        12773,
        235349,
        235256,
        80000,
        235292,
        22904,
        507,
        26912,
        4845,
        43148
      ],
      "context_text": " News about Guinea\n- Children\u2019s Voices: Fatoumata From Guinea"
    },
    {
      "feature_idx": 333,
      "activation_value": 8.91611385345459,
      "tokens": [
        791,
        476
      ],
      "text": " have a",
      "position": 24,
      "context_tokens": [
        578,
        11045,
        235292,
        108,
        100140,
        13770,
        110874,
        791,
        476,
        102377,
        13265,
        675,
        1767,
        78952,
        235265,
        714
      ],
      "context_text": " and Size:\nDaisy spray mums have a leafy stem with many blooms. The"
    },
    {
      "feature_idx": 333,
      "activation_value": 8.844714164733887,
      "tokens": [
        576,
        6092
      ],
      "text": " of California",
      "position": 31,
      "context_tokens": [
        578,
        31747,
        49571,
        235403,
        1175,
        3936,
        10541,
        576,
        6092
      ],
      "context_text": " and gin mills\u2014the future leaders of California"
    },
    {
      "feature_idx": 333,
      "activation_value": 8.836597442626953,
      "tokens": [
        108,
        235371
      ],
      "text": "\n|",
      "position": 11,
      "context_tokens": [
        10979,
        10930,
        28320,
        235292,
        10979,
        235276,
        235371,
        108,
        235371,
        4823,
        18535,
        675,
        3053,
        25528,
        235292,
        10979,
        235276
      ],
      "context_text": "||Public Species:||0|\n|Specimens with Barcodes:||0"
    },
    {
      "feature_idx": 333,
      "activation_value": 8.56020736694336,
      "tokens": [
        665,
        235303
      ],
      "text": " it'",