{
  "statistics": {
    "feature_idx": 353,
    "num_samples": 50,
    "max_activation": 29.96569061279297,
    "mean_activation": 24.354660568237303,
    "std_activation": 1.8258754692722596,
    "min_activation": 22.193485260009766,
    "activation_count": 2695,
    "all_time_max": 29.96569061279297
  },
  "top_samples": [
    {
      "feature_idx": 353,
      "activation_value": 29.96569061279297,
      "tokens": [
        16398,
        576
      ],
      "text": " recognition of",
      "position": 10,
      "context_tokens": [
        6156,
        1853,
        2329,
        573,
        1833,
        577,
        24989,
        16398,
        576,
        1809,
        235290,
        12212,
        12501,
        45689,
        11856,
        731,
        1156
      ],
      "context_text": " gives each state the right to refuse recognition of same-sex marriage licenses issued by other"
    },
    {
      "feature_idx": 353,
      "activation_value": 29.797863006591797,
      "tokens": [
        11856,
        731
      ],
      "text": " issued by",
      "position": 17,
      "context_tokens": [
        16398,
        576,
        1809,
        235290,
        12212,
        12501,
        45689,
        11856,
        731,
        1156,
        6246,
        235265,
        714,
        2027,
        1721,
        780,
        56211
      ],
      "context_text": " recognition of same-sex marriage licenses issued by other states. The act does not prohibit"
    },
    {
      "feature_idx": 353,
      "activation_value": 27.81857681274414,
      "tokens": [
        13245,
        731
      ],
      "text": " delivered by",
      "position": 16,
      "context_tokens": [
        10053,
        235265,
        12236,
        3454,
        573,
        7658,
        708,
        13245,
        731,
        19767,
        21143,
        578,
        708,
        16263,
        9894,
        577,
        1611
      ],
      "context_text": " standards. Which means the programs are delivered by qualified faculty and are constantly updated to follow"
    },
    {
      "feature_idx": 353,
      "activation_value": 27.49349594116211,
      "tokens": [
        4232,
        611
      ],
      "text": " effect on",
      "position": 13,
      "context_tokens": [
        1163,
        573,
        19184,
        45071,
        1688,
        948,
        5548,
        4232,
        611,
        5824,
        235248,
        235304,
        235274,
        235269,
        8382,
        573,
        34351
      ],
      "context_text": " over the fiscal cliff , which takes effect on December 31, perhaps the REAL"
    },
    {
      "feature_idx": 353,
      "activation_value": 27.410612106323242,
      "tokens": [
        9847,
        1280
      ],
      "text": "video into",
      "position": 18,
      "context_tokens": [
        23166,
        604,
        573,
        64838,
        576,
        9934,
        235290,
        9847,
        1280,
        888,
        4516,
        576,
        3679,
        235269,
        13543,
        578,
        10649
      ],
      "context_text": " possibilities for the incorporation of audio-video into new areas of research, publication and teaching"
    },
    {
      "feature_idx": 353,
      "activation_value": 26.881820678710938,
      "tokens": [
        15620,
        575
      ],
      "text": " foundation in",
      "position": 12,
      "context_tokens": [
        2733,
        603,
        6869,
        577,
        8147,
        476,
        3779,
        15620,
        575,
        9121,
        2480,
        578,
        6875,
        7841,
        235269,
        578,
        1492
      ],
      "context_text": " program is designed to establish a strong foundation in traditional design and computer skills, and then"
    },
    {
      "feature_idx": 353,
      "activation_value": 26.854511260986328,
      "tokens": [
        5548,
        4232
      ],
      "text": " takes effect",
      "position": 12,
      "context_tokens": [
        105495,
        1163,
        573,
        19184,
        45071,
        1688,
        948,
        5548,
        4232,
        611,
        5824,
        235248,
        235304,
        235274,
        235269,
        8382,
        573
      ],
      "context_text": "ringing over the fiscal cliff , which takes effect on December 31, perhaps the"
    },
    {
      "feature_idx": 353,
      "activation_value": 26.333784103393555,
      "tokens": [
        64838,
        576
      ],
      "text": " incorporation of",
      "position": 14,
      "context_tokens": [
        4556,
        3255,
        17305,
        888,
        23166,
        604,
        573,
        64838,
        576,
        9934,
        235290,
        9847,
        1280,
        888,
        4516,
        576,
        3679
      ],
      "context_text": " Web offer exciting new possibilities for the incorporation of audio-video into new areas of research"
    },
    {
      "feature_idx": 353,
      "activation_value": 25.355140686035156,
      "tokens": [
        235269,
        692
      ],
      "text": ", you",
      "position": 14,
      "context_tokens": [
        6044,
        235265,
        3339,
        8035,
        675,
        30509,
        7340,
        235269,
        692,
        235303,
        529,
        15476,
        1024,
        3273,
        2183,
        29149,
        476
      ],
      "context_text": " learning. By starting with engaging projects, you'll grab their interest while establishing a"
    },
    {
      "feature_idx": 353,
      "activation_value": 25.31594467163086,
      "tokens": [
        10918,
        731
      ],
      "text": " affected by",
      "position": 7,
      "context_tokens": [
        12410,
        604,
        573,
        11621,
        708,
        780,
        10918,
        731,
        736,
        3031,
        72853,
        756,
        14417,
        4828,
        9231,
        2613
      ],
      "context_text": " procedures for the election are not affected by this \u2018novelty.\u2019 Dan Brown might"
    },
    {
      "feature_idx": 353,
      "activation_value": 25.019996643066406,
      "tokens": [
        6156,
        1853
      ],
      "text": " gives each",
      "position": 3,
      "context_tokens": [
        69246,
        578,
        6156,
        1853,
        2329,
        573,
        1833,
        577,
        24989,
        16398,
        576,
        1809
      ],
      "context_text": " marriages and gives each state the right to refuse recognition of same"
    },
    {
      "feature_idx": 353,
      "activation_value": 24.881271362304688,
      "tokens": [
        948,
        5548
      ],
      "text": " which takes",
      "position": 11,
      "context_tokens": [
        513,
        105495,
        1163,
        573,
        19184,
        45071,
        1688,
        948,
        5548,
        4232,
        611,
        5824,
        235248,
        235304,
        235274,
        235269,
        8382
      ],
      "context_text": " wringing over the fiscal cliff , which takes effect on December 31, perhaps"
    },
    {
      "feature_idx": 353,
      "activation_value": 24.878568649291992,
      "tokens": [
        21143,
        578
      ],
      "text": " faculty and",
      "position": 19,
      "context_tokens": [
        3454,
        573,
        7658,
        708,
        13245,
        731,
        19767,
        21143,
        578,
        708,
        16263,
        9894,
        577,
        1611,
        573,
        4559,
        578
      ],
      "context_text": " means the programs are delivered by qualified faculty and are constantly updated to follow the changes and"
    },
    {
      "feature_idx": 353,
      "activation_value": 24.826457977294922,
      "tokens": [
        1833,
        577
      ],
      "text": " right to",
      "position": 7,