{
  "statistics": {
    "feature_idx": 15,
    "num_samples": 50,
    "max_activation": 14.488924026489258,
    "mean_activation": 9.560071821212768,
    "std_activation": 2.1206014304827456,
    "min_activation": 7.101634502410889,
    "activation_count": 210,
    "all_time_max": 14.488924026489258
  },
  "top_samples": [
    {
      "feature_idx": 15,
      "activation_value": 14.488924026489258,
      "tokens": [
        108,
        235280
      ],
      "text": "\nA",
      "position": 9,
      "context_tokens": [
        235269,
        6284,
        578,
        1156,
        55786,
        7257,
        235265,
        108,
        235280,
        2611,
        235290,
        50623,
        11287,
        576,
        573,
        9494,
        3151
      ],
      "context_text": ", sleep and other bodily functions.\nA light-sensitive portion of the brain called"
    },
    {
      "feature_idx": 15,
      "activation_value": 14.462864875793457,
      "tokens": [
        108,
        886
      ],
      "text": "\nIn",
      "position": 14,
      "context_tokens": [
        578,
        1459,
        506,
        33284,
        576,
        11360,
        1816,
        108,
        886,
        1767,
        14257,
        1064,
        21303,
        21339,
        235269,
        7042,
        577
      ],
      "context_text": " and apraxia of speech.\u201d\nIn many adults who survive stroke, damage to"
    },
    {
      "feature_idx": 15,
      "activation_value": 14.037909507751465,
      "tokens": [
        235265,
        714
      ],
      "text": ". The",
      "position": 9,
      "context_tokens": [
        1125,
        2412,
        736,
        6178,
        2754,
        573,
        7489,
        235265,
        714,
        58934,
        603,
        6815,
        674,
        22566,
        20010,
        2480,
        6205
      ],
      "context_text": " been following this technology since the beginning. The breakthrough is software that lets researchers design materials"
    },
    {
      "feature_idx": 15,
      "activation_value": 13.580138206481934,
      "tokens": [
        108,
        651
      ],
      "text": "\nThe",
      "position": 19,
      "context_tokens": [
        48171,
        604,
        26995,
        7572,
        578,
        35889,
        235265,
        108,
        651,
        1370,
        3103,
        4085,
        14461,
        576,
        4975,
        24345,
        4662
      ],
      "context_text": " Centers for Disease Control and Prevention.\nThe first multiyear estimate of national HIV inc"
    },
    {
      "feature_idx": 15,
      "activation_value": 13.132131576538086,
      "tokens": [
        108,
        3179
      ],
      "text": "\nOf",
      "position": 22,
      "context_tokens": [
        5075,
        603,
        1297,
        21835,
        674,
        3712,
        235265,
        108,
        3179,
        3205,
        235269,
        780,
        832,
        3712,
        54579,
        708,
        5483
      ],
      "context_text": " policy is only raising that price.\nOf course, not all price reductions are created"
    },
    {
      "feature_idx": 15,
      "activation_value": 12.828725814819336,
      "tokens": [
        235265,
        714
      ],
      "text": ". The",
      "position": 21,
      "context_tokens": [
        12212,
        12501,
        45689,
        11856,
        731,
        1156,
        6246,
        235265,
        714,
        2027,
        1721,
        780,
        56211,
        6246,
        774,
        15267,
        18104
      ],
      "context_text": "sex marriage licenses issued by other states. The act does not prohibit states from allowing gay"
    },
    {
      "feature_idx": 15,
      "activation_value": 12.580448150634766,
      "tokens": [
        108,
        651
      ],
      "text": "\nThe",
      "position": 6,
      "context_tokens": [
        774,
        573,
        8776,
        4337,
        235265,
        108,
        651,
        11877,
        576,
        4168,
        235269,
        476,
        7827,
        5245,
        32901
      ],
      "context_text": " from the upper section.\nThe dance of death, a favorite late medieval"
    },
    {
      "feature_idx": 15,
      "activation_value": 12.42064094543457,
      "tokens": [
        235265,
        714
      ],
      "text": ". The",
      "position": 23,
      "context_tokens": [
        235318,
        235269,
        2076,
        4600,
        7927,
        575,
        6081,
        235265,
        714,
        4645,
        7927,
        575,
        6081,
        1093,
        1497,
        1125,
        21840
      ],
      "context_text": "6, still held lands in France. The English lands in France had long been viewed"
    },
    {
      "feature_idx": 15,
      "activation_value": 12.306059837341309,
      "tokens": [
        235265,
        714
      ],
      "text": ". The",
      "position": 13,
      "context_tokens": [
        9198,
        575,
        235248,
        235284,
        235276,
        235276,
        235315,
        235265,
        714,
        4282,
        5685,
        7549,
        3707,
        235292,
        573,
        8914,
        15408
      ],
      "context_text": " cancer in 2009. The various risk factors include: the female gender"
    },
    {
      "feature_idx": 15,
      "activation_value": 12.267369270324707,
      "tokens": [
        108,
        651
      ],
      "text": "\nThe",
      "position": 27,
      "context_tokens": [
        31454,
        578,
        50163,
        2449,
        573,
        2134,
        235265,
        108,
        651,
        23056,
        576,
        4238,
        11987
      ],
      "context_text": " migrations and settlements around the world.\nThe Jews of Europe arrived"
    },
    {
      "feature_idx": 15,
      "activation_value": 11.403459548950195,
      "tokens": [
        235265,
        714
      ],
      "text": ". The",
      "position": 20,
      "context_tokens": [
        685,
        6908,
        731,
        16165,
        3107,
        235249,
        231034,
        235265,
        714,
        5701,
        576,
        3311,
        31572,
        3505,
        1049,
        15081,
        731
      ],
      "context_text": " as defined by Jane Loevinger. The effects of general cognitive development were controlled by"
    },
    {
      "feature_idx": 15,
      "activation_value": 11.259861946105957,
      "tokens": [
        108,
        3493
      ],
      "text": "\nThere",
      "position": 28,
      "context_tokens": [
        235269,
        13970,
        235269,
        578,
        13103,
        5640,
        235265,
        108,
        3493,
        708,
        7161,
        692
      ],
      "context_text": ", drugs, and sexual activity.\nThere are steps you"
    },
    {
      "feature_idx": 15,
      "activation_value": 10.341679573059082,
      "tokens": [
        108,
        2045
      ],
      "text": "\nYou",
      "position": 6,
      "context_tokens": [
        603,
        476,
        162686,
        2602,
        235265,
        108,
        2045,
        708,
        1508,
        9319,
        577,
        5598,
        1089,
        14565,
        1148
      ],
      "context_text": " is a brainstorming page.\nYou are very welcome to write any crazy /"
    },
    {
      "feature_idx": 15,
      "activation_value": 10.155733108520508,
      "tokens": [
        108,
        651
      ],
      "text": "\nThe",
      "position": 3,
      "context_tokens": [
        2281,
        846,
        108,
        651,
        744,
        19607,
        7177,
        2329,
        235290,
        559,
        235290,
        1175
      ],
      "context_text": "IV).\nThe VDL uses state-of-the"
    },
    {
      "feature_idx": 15,
      "activation_value": 10.149179458618164,