{
  "statistics": {
    "feature_idx": 751,
    "num_samples": 9,
    "max_activation": 17.490766525268555,
    "mean_activation": 7.1392769018809,
    "std_activation": 5.536318694067615,
    "min_activation": 2.527747869491577,
    "activation_count": 9,
    "all_time_max": 17.490766525268555
  },
  "top_samples": [
    {
      "feature_idx": 751,
      "activation_value": 17.490766525268555,
      "tokens": [
        5225,
        235248
      ],
      "text": " September ",
      "position": 8,
      "context_tokens": [
        2,
        17618,
        1420,
        85411,
        108,
        25880,
        235269,
        5225,
        235248,
        235324,
        235269,
        235248,
        235284,
        235276,
        235274,
        235274,
        108
      ],
      "context_text": "<bos>Elements | Blogs\nWednesday, September 7, 2011\n"
    },
    {
      "feature_idx": 751,
      "activation_value": 16.85955238342285,
      "tokens": [
        4482,
        235248
      ],
      "text": " March ",
      "position": 9,
      "context_tokens": [
        10772,
        5794,
        5061,
        603,
        611,
        8778,
        235269,
        4482,
        235248,
        235284,
        235284,
        491,
        235269,
        578,
        665,
        235303,
        235256
      ],
      "context_text": "World Water Day is on Monday, March 22nd, and it's"
    },
    {
      "feature_idx": 751,
      "activation_value": 7.545220851898193,
      "tokens": [
        15339,
        235248
      ],
      "text": "December ",
      "position": 12,
      "context_tokens": [
        235292,
        3911,
        235269,
        5404,
        235269,
        3545,
        108,
        15339,
        235248,
        235276,
        235274,
        235269,
        235248,
        235274,
        235315,
        235315,
        235315
      ],
      "context_text": ": age, education, services\nDecember 01, 1999"
    },
    {
      "feature_idx": 751,
      "activation_value": 4.660400390625,
      "tokens": [
        19214,
        235248
      ],
      "text": " Apr ",
      "position": 23,
      "context_tokens": [
        2504,
        24809,
        10979,
        235284,
        235276,
        235274,
        235276,
        19214,
        235248,
        235274,
        235318,
        235371,
        108,
        235371,
        12929,
        10979,
        5903
      ],
      "context_text": "Date Published||2010 Apr 16|\n|Keywords||CD"
    },
    {
      "feature_idx": 751,
      "activation_value": 4.382748126983643,
      "tokens": [
        3896,
        235248
      ],
      "text": " Aug ",
      "position": 9,
      "context_tokens": [
        651,
        14944,
        576,
        6771,
        108,
        14024,
        235269,
        3896,
        235248,
        235274,
        235269,
        235248,
        235284,
        235276,
        235274,
        235276,
        6440
      ],
      "context_text": "The Language of Color\nSun, Aug 1, 2010 ~"
    },
    {
      "feature_idx": 751,
      "activation_value": 4.159106731414795,
      "tokens": [
        235265,
        235248
      ],
      "text": ". ",
      "position": 6,
      "context_tokens": [
        2,
        4696,
        141458,
        235269,
        3417,
        235265,
        235248,
        235284,
        235276,
        591,
        145118,
        235275,
        3297,
        3279,
        888
      ],
      "context_text": "<bos>DUBAI, Jan. 20 (Xinhua) -- With new"
    },
    {
      "feature_idx": 751,
      "activation_value": 3.9843363761901855,
      "tokens": [
        21120,
        235248
      ],
      "text": " Jul ",
      "position": 21,
      "context_tokens": [
        235284,
        235276,
        235274,
        235276,
        6440,
        44161,
        235269,
        21120,
        235248,
        235304,
        235274,
        235269,
        235248,
        235284,
        235276,
        235274,
        235304
      ],
      "context_text": "2010 ~ Wed, Jul 31, 2013"
    },
    {
      "feature_idx": 751,
      "activation_value": 2.643612861633301,
      "tokens": [
        235276,
        19214
      ],
      "text": "0 Apr",
      "position": 22,
      "context_tokens": [
        235371,
        2504,
        24809,
        10979,
        235284,
        235276,
        235274,
        235276,
        19214,
        235248,
        235274,
        235318,
        235371,
        108,
        235371,
        12929,
        10979
      ],
      "context_text": "|Date Published||2010 Apr 16|\n|Keywords||"
    },
    {
      "feature_idx": 751,
      "activation_value": 2.527747869491577,
      "tokens": [
        3210
      ],
      "text": " problem",
      "position": 0,
      "context_tokens": [
        3210,
        26149,
        235265,
        1417,
        2733,
        603,
        6869,
        577,
        8147
      ],
      "context_text": " problem solving. This program is designed to establish"
    }
  ]
}