{
  "statistics": {
    "feature_idx": 1316,
    "num_samples": 50,
    "max_activation": 14.717284202575684,
    "mean_activation": 6.687563953399658,
    "std_activation": 1.9786944723857833,
    "min_activation": 4.496607780456543,
    "activation_count": 126,
    "all_time_max": 14.717284202575684
  },
  "top_samples": [
    {
      "feature_idx": 1316,
      "activation_value": 14.717284202575684,
      "tokens": [
        578,
        674
      ],
      "text": " and that",
      "position": 18,
      "context_tokens": [
        9007,
        1089,
        576,
        573,
        24966,
        11827,
        2062,
        578,
        674,
        235349,
        235256,
        1212,
        16342,
        9597,
        1185,
        476,
        6479
      ],
      "context_text": " waste any of the precious meat \u2014 and that\u2019s what normally happens when a machine"
    },
    {
      "feature_idx": 1316,
      "activation_value": 10.792130470275879,
      "tokens": [
        578,
        8176
      ],
      "text": " and Real",
      "position": 12,
      "context_tokens": [
        7553,
        44832,
        32808,
        1582,
        685,
        13577,
        235304,
        578,
        8176,
        15198,
        708,
        12777,
        604,
        22757,
        6011,
        9934,
        235265
      ],
      "context_text": "weight compressed formats such as MP3 and RealAudio are employed for streaming network audio."
    },
    {
      "feature_idx": 1316,
      "activation_value": 10.5465087890625,
      "tokens": [
        604,
        22757
      ],
      "text": " for streaming",
      "position": 17,
      "context_tokens": [
        13577,
        235304,
        578,
        8176,
        15198,
        708,
        12777,
        604,
        22757,
        6011,
        9934,
        235265,
        3766,
        32808,
        1281,
        1212,
        708
      ],
      "context_text": " MP3 and RealAudio are employed for streaming network audio. These formats use what are"
    },
    {
      "feature_idx": 1316,
      "activation_value": 9.58366584777832,
      "tokens": [
        69246,
        235269
      ],
      "text": " marriages,",
      "position": 31,
      "context_tokens": [
        1721,
        780,
        56211,
        6246,
        774,
        15267,
        18104,
        69246,
        235269
      ],
      "context_text": " does not prohibit states from allowing gay marriages,"
    },
    {
      "feature_idx": 1316,
      "activation_value": 9.444510459899902,
      "tokens": [
        9847,
        1280
      ],
      "text": "video into",
      "position": 18,
      "context_tokens": [
        23166,
        604,
        573,
        64838,
        576,
        9934,
        235290,
        9847,
        1280,
        888,
        4516,
        576,
        3679,
        235269,
        13543,
        578,
        10649
      ],
      "context_text": " possibilities for the incorporation of audio-video into new areas of research, publication and teaching"
    },
    {
      "feature_idx": 1316,
      "activation_value": 8.631211280822754,
      "tokens": [
        17036,
        578
      ],
      "text": " Ocean and",
      "position": 26,
      "context_tokens": [
        6044,
        573,
        38310,
        576,
        10241,
        476,
        45432,
        17036,
        578,
        1212,
        665,
        603,
        4247,
        1644
      ],
      "context_text": " learning the basics of creating a Maya Ocean and what it is actually made"
    },
    {
      "feature_idx": 1316,
      "activation_value": 8.430244445800781,
      "tokens": [
        10979,
        5903
      ],
      "text": "||CD",
      "position": 31,
      "context_tokens": [
        235248,
        235274,
        235318,
        235371,
        108,
        235371,
        12929,
        10979,
        5903
      ],
      "context_text": " 16|\n|Keywords||CD"
    },
    {
      "feature_idx": 1316,
      "activation_value": 8.32963752746582,
      "tokens": [
        6479,
        235269
      ],
      "text": " machine,",
      "position": 27,
      "context_tokens": [
        235349,
        235256,
        1212,
        16342,
        9597,
        1185,
        476,
        6479,
        235269,
        780,
        476,
        3515,
        235269
      ],
      "context_text": "\u2019s what normally happens when a machine, not a human,"
    },
    {
      "feature_idx": 1316,
      "activation_value": 8.304638862609863,
      "tokens": [
        15198,
        708
      ],
      "text": "Audio are",
      "position": 14,
      "context_tokens": [
        32808,
        1582,
        685,
        13577,
        235304,
        578,
        8176,
        15198,
        708,
        12777,
        604,
        22757,
        6011,
        9934,
        235265,
        3766,
        32808
      ],
      "context_text": " formats such as MP3 and RealAudio are employed for streaming network audio. These formats"
    },
    {
      "feature_idx": 1316,
      "activation_value": 7.903619766235352,
      "tokens": [
        14701,
        921
      ],
      "text": "wed out",
      "position": 12,
      "context_tokens": [
        83319,
        3747,
        10062,
        6343,
        61705,
        578,
        7132,
        14701,
        921,
        1070,
        235248,
        235284,
        235310,
        2788,
        2187,
        5760,
        1794
      ],
      "context_text": " inexplicably began contracting and spewed out her 24 week old baby before"
    },
    {
      "feature_idx": 1316,
      "activation_value": 7.805966854095459,
      "tokens": [
        5039,
        235336
      ],
      "text": " standard?",
      "position": 12,
      "context_tokens": [
        696,
        3476,
        671,
        6871,
        1013,
        780,
        4871,
        5039,
        235336,
        108,
        1596,
        603,
        970,
        3904,
        235265,
        108,
        1718
      ],
      "context_text": " at least an equal if not higher standard?\nThis is my story.\nIt"
    },
    {
      "feature_idx": 1316,
      "activation_value": 7.744458198547363,
      "tokens": [
        2705,
        235269
      ],
      "text": " days,",
      "position": 20,
      "context_tokens": [
        575,
        15201,
        235269,
        11198,
        235265,
        6136,
        4105,
        2705,
        235269,
        47669,
        774,
        235248,
        235274,
        235274,
        235284,
        5605,
        235403
      ],
      "context_text": " in Leon, Mexico. Over five days, delegates from 112 countries\u2014"
    },
    {
      "feature_idx": 1316,
      "activation_value": 7.719451427459717,
      "tokens": [
        13543,
        578
      ],
      "text": " publication and",
      "position": 25,
      "context_tokens": [
        9847,
        1280,
        888,
        4516,
        576,
        3679,
        235269,
        13543,
        578,
        10649,
        235265,
        2365,
        1170,
        2765,
        917
      ],
      "context_text": "video into new areas of research, publication and teaching. They also allow us"
    },
    {
      "feature_idx": 1316,
      "activation_value": 7.625582218170166,
      "tokens": [
        235269,
        8382
      ],
      "text": ", perhaps",
      "position": 19,
      "context_tokens": [
        5548,
        4232,
        611,
        5824,
        235248,
        235304,
        235274,
        235269,
        8382,
        573,
        34351,
        4295,
        603,
        5163,
        1508,
        4061,
        575
      ],
      "context_text": " takes effect on December 31, perhaps the REAL issue is coming very early in"
    },
    {
      "feature_idx": 1316,
      "activation_value": 7.569584369659424,