{
  "statistics": {
    "feature_idx": 4004,
    "num_samples": 50,
    "max_activation": 11.83215045928955,
    "mean_activation": 4.844839739799499,
    "std_activation": 1.6309353796926989,
    "min_activation": 3.158672332763672,
    "activation_count": 56,
    "all_time_max": 11.83215045928955
  },
  "top_samples": [
    {
      "feature_idx": 4004,
      "activation_value": 11.83215045928955,
      "tokens": [
        235274,
        235310
      ],
      "text": "14",
      "position": 22,
      "context_tokens": [
        108,
        6227,
        235292,
        908,
        577,
        1105,
        235248,
        235274,
        235310,
        9828,
        235269,
        7546,
        665,
        1249,
        3831,
        4756,
        2910
      ],
      "context_text": "\nLength: up to about 14 inches, although it may become quite large"
    },
    {
      "feature_idx": 4004,
      "activation_value": 9.060765266418457,
      "tokens": [
        235248,
        235274
      ],
      "text": " 1",
      "position": 21,
      "context_tokens": [
        235275,
        108,
        6227,
        235292,
        908,
        577,
        1105,
        235248,
        235274,
        235310,
        9828,
        235269,
        7546,
        665,
        1249,
        3831,
        4756
      ],
      "context_text": ")\nLength: up to about 14 inches, although it may become quite"
    },
    {
      "feature_idx": 4004,
      "activation_value": 7.615074634552002,
      "tokens": [
        577,
        1105
      ],
      "text": " to about",
      "position": 19,
      "context_tokens": [
        940,
        952,
        235275,
        108,
        6227,
        235292,
        908,
        577,
        1105,
        235248,
        235274,
        235310,
        9828,
        235269,
        7546,
        665,
        1249
      ],
      "context_text": "niens)\nLength: up to about 14 inches, although it may"
    },
    {
      "feature_idx": 4004,
      "activation_value": 7.5537872314453125,
      "tokens": [
        235310,
        9828
      ],
      "text": "4 inches",
      "position": 23,
      "context_tokens": [
        6227,
        235292,
        908,
        577,
        1105,
        235248,
        235274,
        235310,
        9828,
        235269,
        7546,
        665,
        1249,
        3831,
        4756,
        2910,
        575
      ],
      "context_text": "Length: up to about 14 inches, although it may become quite large in"
    },
    {
      "feature_idx": 4004,
      "activation_value": 6.797626495361328,
      "tokens": [
        235292,
        235276
      ],
      "text": ":0",
      "position": 15,
      "context_tokens": [
        235248,
        235284,
        235276,
        235274,
        235284,
        235248,
        235304,
        235292,
        235276,
        235276,
        5907,
        731,
        7866,
        2769,
        87967,
        108,
        132152
      ],
      "context_text": " 2012 3:00 PM by Robert Preidt\nTUESDAY"
    },
    {
      "feature_idx": 4004,
      "activation_value": 6.581529140472412,
      "tokens": [
        108,
        6227
      ],
      "text": "\nLength",
      "position": 15,
      "context_tokens": [
        545,
        14375,
        83788,
        204969,
        940,
        952,
        235275,
        108,
        6227,
        235292,
        908,
        577,
        1105,
        235248,
        235274,
        235310,
        9828
      ],
      "context_text": "lodinotus grunniens)\nLength: up to about 14 inches"
    },
    {
      "feature_idx": 4004,
      "activation_value": 6.201742172241211,
      "tokens": [
        235290,
        235308
      ],
      "text": "-5",
      "position": 11,
      "context_tokens": [
        23114,
        49465,
        235269,
        235248,
        235324,
        235321,
        235308,
        235290,
        235308,
        235304,
        235284,
        235290,
        235308,
        235324,
        235310,
        235276,
        235269
      ],
      "context_text": " Steven Maxwell, 785-532-5740,"
    },
    {
      "feature_idx": 4004,
      "activation_value": 6.075754165649414,
      "tokens": [
        235248,
        235310
      ],
      "text": " 4",
      "position": 27,
      "context_tokens": [
        108,
        235290,
        24982,
        3582,
        21841,
        2017,
        235292,
        235248,
        235310,
        235315,
        235358,
        108,
        235290
      ],
      "context_text": "\n- Population below poverty line: 49%\n-"
    },
    {
      "feature_idx": 4004,
      "activation_value": 5.920028209686279,
      "tokens": [
        4756,
        2910
      ],
      "text": " quite large",
      "position": 30,
      "context_tokens": [
        235310,
        9828,
        235269,
        7546,
        665,
        1249,
        3831,
        4756,
        2910,
        575
      ],
      "context_text": "4 inches, although it may become quite large in"
    },
    {
      "feature_idx": 4004,
      "activation_value": 5.615005016326904,
      "tokens": [
        908,
        577
      ],
      "text": " up to",
      "position": 18,
      "context_tokens": [
        204969,
        940,
        952,
        235275,
        108,
        6227,
        235292,
        908,
        577,
        1105,
        235248,
        235274,
        235310,
        9828,
        235269,
        7546,
        665
      ],
      "context_text": " grunniens)\nLength: up to about 14 inches, although it"
    },
    {
      "feature_idx": 4004,
      "activation_value": 5.599658489227295,
      "tokens": [
        235304,
        235276
      ],
      "text": "30",
      "position": 10,
      "context_tokens": [
        646,
        1342,
        5903,
        12871,
        877,
        3658,
        697,
        235304,
        235276,
        235276,
        235269,
        235276,
        235276,
        235276,
        1163,
        573,
        2351
      ],
      "context_text": " NIDCD award will provide $300,000 over the next"
    },
    {
      "feature_idx": 4004,
      "activation_value": 5.461043834686279,
      "tokens": [
        235304,
        235284
      ],
      "text": "32",
      "position": 13,
      "context_tokens": [
        235269,
        235248,
        235324,
        235321,
        235308,
        235290,
        235308,
        235304,
        235284,
        235290,
        235308,
        235324,
        235310,
        235276,
        235269,
        150074,
        235265
      ],
      "context_text": ", 785-532-5740, firstname."
    },
    {
      "feature_idx": 4004,
      "activation_value": 5.339625358581543,
      "tokens": [
        235248,
        235304
      ],
      "text": " 3",
      "position": 13,
      "context_tokens": [
        235315,
        235269,
        235248,
        235284,
        235276,
        235274,
        235284,
        235248,
        235304,
        235292,
        235276,
        235276,
        5907,
        731,
        7866,
        2769,
        87967
      ],
      "context_text": "9, 2012 3:00 PM by Robert Preidt"
    },
    {
      "feature_idx": 4004,
      "activation_value": 5.338578701019287,
      "tokens": [
        235308,
        235324
      ],
      "text": "57",
      "position": 16,
      "context_tokens": [
        235321,
        235308,
        235290,
        235308,
        235304,
        235284,
        235290,
        235308,
        235324,
        235310,
        235276,
        235269,
        150074,
        235265,
        57311,
        235348,
        7310
      ],
      "context_text": "85-532-5740, firstname.lastname@example"
    },
    {
      "feature_idx": 4004,
      "activation_value": 5.335071086883545,
      "tokens": [
        697,
        235304
      ],
      "text": " $3",
      "position": 9,