{
  "statistics": {
    "feature_idx": 218,
    "num_samples": 50,
    "max_activation": 30.425569534301758,
    "mean_activation": 27.899906730651857,
    "std_activation": 0.954586568308877,
    "min_activation": 26.710153579711914,
    "activation_count": 3896,
    "all_time_max": 30.425569534301758
  },
  "top_samples": [
    {
      "feature_idx": 218,
      "activation_value": 30.425569534301758,
      "tokens": [
        575,
        573
      ],
      "text": " in the",
      "position": 11,
      "context_tokens": [
        41687,
        1758,
        576,
        14554,
        578,
        40354,
        1142,
        575,
        573,
        7149,
        127499,
        578,
        50196,
        26848,
        3576,
        708,
        121527
      ],
      "context_text": " countless number of movies and novels set in the British Regency and Victorian Era women are plagued"
    },
    {
      "feature_idx": 218,
      "activation_value": 29.846860885620117,
      "tokens": [
        25175,
        708
      ],
      "text": " computers are",
      "position": 12,
      "context_tokens": [
        235248,
        235284,
        235324,
        591,
        37057,
        235275,
        15103,
        25175,
        708,
        4847,
        4998,
        1163,
        573,
        2040,
        576,
        3515,
        27290
      ],
      "context_text": " 27 (IANS) Personal computers are fast taking over the place of human beings"
    },
    {
      "feature_idx": 218,
      "activation_value": 29.816539764404297,
      "tokens": [
        9174,
        235349
      ],
      "text": " wouldn\u2019",
      "position": 11,
      "context_tokens": [
        7332,
        235349,
        235251,
        604,
        79549,
        235269,
        17611,
        9174,
        235349,
        235251,
        791,
        13370,
        840,
        16333,
        108,
        4508,
        9174
      ],
      "context_text": " wasn\u2019t for earthquakes, humans wouldn\u2019t have innovated architecture\nThey wouldn"
    },
    {
      "feature_idx": 218,
      "activation_value": 29.63553810119629,
      "tokens": [
        235280,
        41821
      ],
      "text": "A cardiac",
      "position": 13,
      "context_tokens": [
        235321,
        235310,
        235308,
        235324,
        235308,
        586,
        108,
        235280,
        41821,
        233721,
        22787,
        22997,
        603,
        25732,
        577,
        954,
        18506
      ],
      "context_text": "84575 A\nA cardiac pacemaker pulse generator is adapted to .generate"
    },
    {
      "feature_idx": 218,
      "activation_value": 29.49464225769043,
      "tokens": [
        4492,
        573
      ],
      "text": " across the",
      "position": 3,
      "context_tokens": [
        2,
        196250,
        4492,
        573,
        3170,
        708,
        112809,
        3434,
        577,
        8339,
        15618,
        7803
      ],
      "context_text": "<bos>Hospitals across the country are diligently working to reduce infection rates"
    },
    {
      "feature_idx": 218,
      "activation_value": 29.283967971801758,
      "tokens": [
        14216,
        19985
      ],
      "text": " Canadian Ice",
      "position": 14,
      "context_tokens": [
        235248,
        235284,
        235276,
        235274,
        235274,
        235269,
        573,
        14216,
        19985,
        5138,
        591,
        93336,
        235275,
        5504,
        674,
        573,
        8234
      ],
      "context_text": " 2011, the Canadian Ice Service (CIS) reported that the Peter"
    },
    {
      "feature_idx": 218,
      "activation_value": 29.113821029663086,
      "tokens": [
        576,
        100974
      ],
      "text": " of Biomedical",
      "position": 3,
      "context_tokens": [
        2,
        7056,
        576,
        100974,
        10653,
        578,
        8554,
        604,
        747,
        235290,
        235274,
        235284
      ],
      "context_text": "<bos>Use of Biomedical Engineering and Music for K-12"
    },
    {
      "feature_idx": 218,
      "activation_value": 29.043502807617188,
      "tokens": [
        604,
        58317
      ],
      "text": " for tuberculosis",
      "position": 6,
      "context_tokens": [
        2,
        4038,
        3077,
        5685,
        7435,
        604,
        58317,
        603,
        19641,
        235269,
        476,
        4913,
        26050,
        731,
        1536
      ],
      "context_text": "<bos>One possible risk factor for tuberculosis is diabetes, a condition characterized by high"
    },
    {
      "feature_idx": 218,
      "activation_value": 28.932680130004883,
      "tokens": [
        235248,
        235284
      ],
      "text": " 2",
      "position": 22,
      "context_tokens": [
        18425,
        235292,
        6363,
        235248,
        235274,
        235324,
        235269,
        235248,
        235284,
        235276,
        235276,
        235321,
        108,
        2122,
        476,
        2354,
        73265
      ],
      "context_text": "Published: February 17, 2008\nOn a drizzly"
    },
    {
      "feature_idx": 218,
      "activation_value": 28.884571075439453,
      "tokens": [
        614,
        22033
      ],
      "text": " be genetic",
      "position": 4,
      "context_tokens": [
        2,
        3493,
        1538,
        614,
        22033,
        8121,
        3165,
        1009,
        3576,
        97842,
        577,
        5601,
        577
      ],
      "context_text": "<bos>There could be genetic reasons why some women succumb to pressure to"
    },
    {
      "feature_idx": 218,
      "activation_value": 28.709049224853516,
      "tokens": [
        573,
        14216
      ],
      "text": " the Canadian",
      "position": 13,
      "context_tokens": [
        235269,
        235248,
        235284,
        235276,
        235274,
        235274,
        235269,
        573,
        14216,
        19985,
        5138,
        591,
        93336,
        235275,
        5504,
        674,
        573
      ],
      "context_text": ", 2011, the Canadian Ice Service (CIS) reported that the"
    },
    {
      "feature_idx": 218,
      "activation_value": 28.705595016479492,
      "tokens": [
        235248,
        235274
      ],
      "text": " 1",
      "position": 23,
      "context_tokens": [
        21525,
        235269,
        5225,
        235248,
        235274,
        235315,
        235269,
        235248,
        235274,
        235315,
        235315,
        235321,
        10391,
        15480,
        696,
        235248,
        235304
      ],
      "context_text": "Saturday, September 19, 1998 Last modified at 3"
    },
    {
      "feature_idx": 218,
      "activation_value": 28.68364906311035,
      "tokens": [
        5344,
        5616
      ],
      "text": " itself isn",
      "position": 20,
      "context_tokens": [
        16254,
        3582,
        235265,
        108,
        4398,
        159796,
        159796,
        5344,
        5616,
        235303,
        235251,
        3338,
        235265,
        1448,
        832,
        791,
        578
      ],
      "context_text": " topics below.\nAbout Cholesterol Cholesterol itself isn't bad. We all have and"
    },
    {
      "feature_idx": 218,
      "activation_value": 28.51407241821289,
      "tokens": [
        15103,
        25175
      ],
      "text": " Personal computers",
      "position": 11,
      "context_tokens": [
        4707,
        235248,
        235284,
        235324,
        591,
        37057,
        235275,
        15103,
        25175,
        708,
        4847,
        4998,
        1163,
        573,
        2040,
        576,
        3515
      ],