{
  "statistics": {
    "feature_idx": 1517,
    "num_samples": 50,
    "max_activation": 11.730996131896973,
    "mean_activation": 5.605084366798401,
    "std_activation": 1.5696353855723215,
    "min_activation": 3.7696657180786133,
    "activation_count": 75,
    "all_time_max": 11.730996131896973
  },
  "top_samples": [
    {
      "feature_idx": 1517,
      "activation_value": 11.730996131896973,
      "tokens": [
        798,
        7147
      ],
      "text": " can agree",
      "position": 14,
      "context_tokens": [
        21540,
        235269,
        3359,
        69627,
        578,
        20671,
        235269,
        798,
        7147,
        674,
        476,
        1426,
        3354,
        576,
        6284,
        603,
        4647
      ],
      "context_text": " Everyone, including moms and doctors, can agree that a good night of sleep is necessary"
    },
    {
      "feature_idx": 1517,
      "activation_value": 10.330573081970215,
      "tokens": [
        708,
        8105
      ],
      "text": " are aware",
      "position": 22,
      "context_tokens": [
        22047,
        70460,
        22576,
        235292,
        108,
        11116,
        1461,
        708,
        8105,
        576,
        573,
        8416,
        576,
        3967,
        901,
        708,
        59912
      ],
      "context_text": " DETECTOR INFORMATION:\nMost people are aware of the danger of fire but are unaware"
    },
    {
      "feature_idx": 1517,
      "activation_value": 8.100436210632324,
      "tokens": [
        7147,
        674
      ],
      "text": " agree that",
      "position": 15,
      "context_tokens": [
        235269,
        3359,
        69627,
        578,
        20671,
        235269,
        798,
        7147,
        674,
        476,
        1426,
        3354,
        576,
        6284,
        603,
        4647,
        604
      ],
      "context_text": ", including moms and doctors, can agree that a good night of sleep is necessary for"
    },
    {
      "feature_idx": 1517,
      "activation_value": 7.981350421905518,
      "tokens": [
        11116,
        1461
      ],
      "text": "Most people",
      "position": 20,
      "context_tokens": [
        8024,
        59987,
        22047,
        70460,
        22576,
        235292,
        108,
        11116,
        1461,
        708,
        8105,
        576,
        573,
        8416,
        576,
        3967,
        901
      ],
      "context_text": "SMOKE DETECTOR INFORMATION:\nMost people are aware of the danger of fire but"
    },
    {
      "feature_idx": 1517,
      "activation_value": 7.36721134185791,
      "tokens": [
        8105,
        576
      ],
      "text": " aware of",
      "position": 23,
      "context_tokens": [
        70460,
        22576,
        235292,
        108,
        11116,
        1461,
        708,
        8105,
        576,
        573,
        8416,
        576,
        3967,
        901,
        708,
        59912,
        576
      ],
      "context_text": "ECTOR INFORMATION:\nMost people are aware of the danger of fire but are unaware of"
    },
    {
      "feature_idx": 1517,
      "activation_value": 7.224923610687256,
      "tokens": [
        728,
        21540
      ],
      "text": " - Everyone",
      "position": 6,
      "context_tokens": [
        2,
        235278,
        235305,
        5696,
        235275,
        728,
        21540,
        235269,
        3359,
        69627,
        578,
        20671,
        235269,
        798,
        7147
      ],
      "context_text": "<bos>(BPT) - Everyone, including moms and doctors, can agree"
    },
    {
      "feature_idx": 1517,
      "activation_value": 7.190485954284668,
      "tokens": [
        3695,
        1443
      ],
      "text": " often see",
      "position": 21,
      "context_tokens": [
        1925,
        608,
        235303,
        23516,
        195154,
        108,
        2045,
        3695,
        1443,
        476,
        8717,
        27753,
        576,
        1357,
        675,
        476,
        13170
      ],
      "context_text": "ino D'Ambrosio\nYou often see a garden statue of him with a bird"
    },
    {
      "feature_idx": 1517,
      "activation_value": 6.976586818695068,
      "tokens": [
        603,
        3836
      ],
      "text": " is known",
      "position": 3,
      "context_tokens": [
        2,
        64118,
        603,
        3836,
        604,
        1855,
        47024,
        577,
        4158,
        64448,
        576,
        832
      ],
      "context_text": "<bos>Indonesia is known for being prone to natural disasters of all"
    },
    {
      "feature_idx": 1517,
      "activation_value": 6.810558795928955,
      "tokens": [
        235269,
        798
      ],
      "text": ", can",
      "position": 13,
      "context_tokens": [
        728,
        21540,
        235269,
        3359,
        69627,
        578,
        20671,
        235269,
        798,
        7147,
        674,
        476,
        1426,
        3354,
        576,
        6284,
        603
      ],
      "context_text": " - Everyone, including moms and doctors, can agree that a good night of sleep is"
    },
    {
      "feature_idx": 1517,
      "activation_value": 6.662063121795654,
      "tokens": [
        1461,
        708
      ],
      "text": " people are",
      "position": 21,
      "context_tokens": [
        59987,
        22047,
        70460,
        22576,
        235292,
        108,
        11116,
        1461,
        708,
        8105,
        576,
        573,
        8416,
        576,
        3967,
        901,
        708
      ],
      "context_text": "OKE DETECTOR INFORMATION:\nMost people are aware of the danger of fire but are"
    },
    {
      "feature_idx": 1517,
      "activation_value": 6.516191482543945,
      "tokens": [
        1742,
        1535
      ],
      "text": " think every",
      "position": 4,
      "context_tokens": [
        2,
        235366,
        235285,
        1742,
        1535,
        8586,
        919,
        15532,
        908,
        671,
        7103,
        7095,
        2316
      ],
      "context_text": "<bos>\u201cI think every kid has picked up an interesting rock,\u201d"
    },
    {
      "feature_idx": 1517,
      "activation_value": 6.455276966094971,
      "tokens": [
        21540,
        235269
      ],
      "text": " Everyone,",
      "position": 7,
      "context_tokens": [
        2,
        235278,
        235305,
        5696,
        235275,
        728,
        21540,
        235269,
        3359,
        69627,
        578,
        20671,
        235269,
        798,
        7147,
        674
      ],
      "context_text": "<bos>(BPT) - Everyone, including moms and doctors, can agree that"
    },
    {
      "feature_idx": 1517,
      "activation_value": 6.279102325439453,
      "tokens": [
        3695,
        4675
      ],
      "text": " often hear",
      "position": 18,
      "context_tokens": [
        10367,
        108,
        8652,
        708,
        1378,
        3907,
        692,
        3695,
        4675,
        20463,
        2449,
        578,
        978,
        3695,
        674,
        780,
        590
      ],
      "context_text": " Energy\nThese are two words you often hear thrown around and more often that not I"
    },
    {
      "feature_idx": 1517,
      "activation_value": 6.260460376739502,
      "tokens": [
        2045,
        3695
      ],
      "text": "You often",
      "position": 20,
      "context_tokens": [
        156625,
        1925,
        608,
        235303,
        23516,
        195154,
        108,
        2045,
        3695,
        1443,
        476,
        8717,
        27753,
        576,
        1357,
        675,
        476
      ],