{
  "statistics": {
    "feature_idx": 1207,
    "num_samples": 50,
    "max_activation": 22.014944076538086,
    "mean_activation": 19.547528762817382,
    "std_activation": 0.7966243861661424,
    "min_activation": 18.579933166503906,
    "activation_count": 2847,
    "all_time_max": 22.014944076538086
  },
  "top_samples": [
    {
      "feature_idx": 1207,
      "activation_value": 22.014944076538086,
      "tokens": [
        1277,
        5115
      ],
      "text": " its growth",
      "position": 14,
      "context_tokens": [
        1622,
        17108,
        68893,
        6210,
        4445,
        4192,
        577,
        1277,
        5115,
        235265,
        89684,
        40311,
        729,
        28914,
        685,
        476,
        65979
      ],
      "context_text": " New Jersey Zinc Company soon added to its growth. Bowmanstown was incorporated as a Borough"
    },
    {
      "feature_idx": 1207,
      "activation_value": 21.601892471313477,
      "tokens": [
        4445,
        4192
      ],
      "text": " soon added",
      "position": 11,
      "context_tokens": [
        901,
        573,
        16990,
        1622,
        17108,
        68893,
        6210,
        4445,
        4192,
        577,
        1277,
        5115,
        235265,
        89684,
        40311,
        729,
        28914
      ],
      "context_text": " but the nearby New Jersey Zinc Company soon added to its growth. Bowmanstown was incorporated"
    },
    {
      "feature_idx": 1207,
      "activation_value": 21.022537231445312,
      "tokens": [
        577,
        1277
      ],
      "text": " to its",
      "position": 13,
      "context_tokens": [
        16990,
        1622,
        17108,
        68893,
        6210,
        4445,
        4192,
        577,
        1277,
        5115,
        235265,
        89684,
        40311,
        729,
        28914,
        685,
        476
      ],
      "context_text": " nearby New Jersey Zinc Company soon added to its growth. Bowmanstown was incorporated as a"
    },
    {
      "feature_idx": 1207,
      "activation_value": 20.89662742614746,
      "tokens": [
        2183,
        1546
      ],
      "text": " while most",
      "position": 29,
      "context_tokens": [
        2167,
        5088,
        576,
        62691,
        87502,
        98457,
        235269,
        2183,
        1546,
        69221,
        46442
      ],
      "context_text": " different types of phonemic inventories, while most Africans inherited"
    },
    {
      "feature_idx": 1207,
      "activation_value": 20.547197341918945,
      "tokens": [
        29691,
        1064
      ],
      "text": " peoples who",
      "position": 18,
      "context_tokens": [
        3402,
        577,
        12387,
        207720,
        1865,
        4756,
        104342,
        29691,
        1064,
        36196,
        1378,
        2167,
        5088,
        576,
        62691,
        87502,
        98457
      ],
      "context_text": " due to ancient admixture between quite divergent peoples who possessed two different types of phonemic inventories"
    },
    {
      "feature_idx": 1207,
      "activation_value": 20.504804611206055,
      "tokens": [
        16690,
        603
      ],
      "text": "idae is",
      "position": 29,
      "context_tokens": [
        575,
        85278,
        6092,
        235265,
        1576,
        741,
        8206,
        16690,
        603,
        476,
        11873
      ],
      "context_text": " in Baja California. Xantusiidae is a relatively"
    },
    {
      "feature_idx": 1207,
      "activation_value": 20.38202476501465,
      "tokens": [
        40311,
        729
      ],
      "text": "stown was",
      "position": 18,
      "context_tokens": [
        4445,
        4192,
        577,
        1277,
        5115,
        235265,
        89684,
        40311,
        729,
        28914,
        685,
        476,
        65979,
        611,
        5516,
        235248,
        235284
      ],
      "context_text": " soon added to its growth. Bowmanstown was incorporated as a Borough on November 2"
    },
    {
      "feature_idx": 1207,
      "activation_value": 20.346052169799805,
      "tokens": [
        729,
        28914
      ],
      "text": " was incorporated",
      "position": 19,
      "context_tokens": [
        4192,
        577,
        1277,
        5115,
        235265,
        89684,
        40311,
        729,
        28914,
        685,
        476,
        65979,
        611,
        5516,
        235248,
        235284,
        235315
      ],
      "context_text": " added to its growth. Bowmanstown was incorporated as a Borough on November 29"
    },
    {
      "feature_idx": 1207,
      "activation_value": 20.3226261138916,
      "tokens": [
        28914,
        685
      ],
      "text": " incorporated as",
      "position": 20,
      "context_tokens": [
        577,
        1277,
        5115,
        235265,
        89684,
        40311,
        729,
        28914,
        685,
        476,
        65979,
        611,
        5516,
        235248,
        235284,
        235315,
        235269
      ],
      "context_text": " to its growth. Bowmanstown was incorporated as a Borough on November 29,"
    },
    {
      "feature_idx": 1207,
      "activation_value": 20.278240203857422,
      "tokens": [
        6210,
        4445
      ],
      "text": " Company soon",
      "position": 10,
      "context_tokens": [
        235318,
        901,
        573,
        16990,
        1622,
        17108,
        68893,
        6210,
        4445,
        4192,
        577,
        1277,
        5115,
        235265,
        89684,
        40311,
        729
      ],
      "context_text": "6 but the nearby New Jersey Zinc Company soon added to its growth. Bowmanstown was"
    },
    {
      "feature_idx": 1207,
      "activation_value": 20.159530639648438,
      "tokens": [
        675,
        476
      ],
      "text": " with a",
      "position": 25,
      "context_tokens": [
        235276,
        4416,
        12075,
        578,
        19493,
        575,
        5783,
        675,
        476,
        5171,
        3210,
        235265,
        3718,
        235265,
        7373
      ],
      "context_text": "0 million dogs and cats in America with a weight problem. Dr. George"
    },
    {
      "feature_idx": 1207,
      "activation_value": 20.107812881469727,
      "tokens": [
        152055,
        12702
      ],
      "text": "dalena occurs",
      "position": 20,
      "context_tokens": [
        2980,
        11796,
        846,
        1576,
        24159,
        3394,
        3945,
        152055,
        12702,
        575,
        85278,
        6092,
        235265,
        1576,
        741,
        8206,
        16690
      ],
      "context_text": "cosaura). Xantusia magdalena occurs in Baja California. Xantusiidae"
    },
    {
      "feature_idx": 1207,
      "activation_value": 19.953874588012695,
      "tokens": [
        68893,
        6210
      ],
      "text": " Zinc Company",
      "position": 9,
      "context_tokens": [
        235315,
        235318,
        901,
        573,
        16990,
        1622,
        17108,
        68893,
        6210,
        4445,
        4192,
        577,
        1277,
        5115,
        235265,
        89684,
        40311
      ],
      "context_text": "96 but the nearby New Jersey Zinc Company soon added to its growth. Bowmanstown"
    },
    {
      "feature_idx": 1207,
      "activation_value": 19.897178649902344,
      "tokens": [
        24159,
        3394
      ],
      "text": "antusia",
      "position": 17,