{
  "statistics": {
    "feature_idx": 1476,
    "num_samples": 17,
    "max_activation": 11.87700080871582,
    "mean_activation": 4.940132603925817,
    "std_activation": 3.0184291958959886,
    "min_activation": 2.6427276134490967,
    "activation_count": 17,
    "all_time_max": 11.87700080871582
  },
  "top_samples": [
    {
      "feature_idx": 1476,
      "activation_value": 11.87700080871582,
      "tokens": [
        12363,
        92931
      ],
      "text": " regional pact",
      "position": 13,
      "context_tokens": [
        7165,
        576,
        89320,
        611,
        10282,
        12443,
        476,
        12363,
        92931,
        577,
        9051,
        12295,
        235261,
        1398,
        235269,
        573,
        100522
      ],
      "context_text": " nation of Guyana on Thursday joined a regional pact to protect jaguars, the elusive"
    },
    {
      "feature_idx": 1476,
      "activation_value": 10.702829360961914,
      "tokens": [
        92931,
        577
      ],
      "text": " pact to",
      "position": 14,
      "context_tokens": [
        576,
        89320,
        611,
        10282,
        12443,
        476,
        12363,
        92931,
        577,
        9051,
        12295,
        235261,
        1398,
        235269,
        573,
        100522,
        36529
      ],
      "context_text": " of Guyana on Thursday joined a regional pact to protect jaguars, the elusive spotted"
    },
    {
      "feature_idx": 1476,
      "activation_value": 9.971275329589844,
      "tokens": [
        476,
        12363
      ],
      "text": " a regional",
      "position": 12,
      "context_tokens": [
        146280,
        7165,
        576,
        89320,
        611,
        10282,
        12443,
        476,
        12363,
        92931,
        577,
        9051,
        12295,
        235261,
        1398,
        235269,
        573
      ],
      "context_text": " forested nation of Guyana on Thursday joined a regional pact to protect jaguars, the"
    },
    {
      "feature_idx": 1476,
      "activation_value": 8.076730728149414,
      "tokens": [
        12443,
        476
      ],
      "text": " joined a",
      "position": 11,
      "context_tokens": [
        605,
        146280,
        7165,
        576,
        89320,
        611,
        10282,
        12443,
        476,
        12363,
        92931,
        577,
        9051,
        12295,
        235261,
        1398,
        235269
      ],
      "context_text": "ly forested nation of Guyana on Thursday joined a regional pact to protect jaguars,"
    },
    {
      "feature_idx": 1476,
      "activation_value": 4.79962682723999,
      "tokens": [
        577,
        9051
      ],
      "text": " to protect",
      "position": 15,
      "context_tokens": [
        89320,
        611,
        10282,
        12443,
        476,
        12363,
        92931,
        577,
        9051,
        12295,
        235261,
        1398,
        235269,
        573,
        100522,
        36529,
        4401
      ],
      "context_text": " Guyana on Thursday joined a regional pact to protect jaguars, the elusive spotted cat"
    },
    {
      "feature_idx": 1476,
      "activation_value": 4.1237077713012695,
      "tokens": [
        10282,
        12443
      ],
      "text": " Thursday joined",
      "position": 10,
      "context_tokens": [
        68936,
        605,
        146280,
        7165,
        576,
        89320,
        611,
        10282,
        12443,
        476,
        12363,
        92931,
        577,
        9051,
        12295,
        235261,
        1398
      ],
      "context_text": " lushly forested nation of Guyana on Thursday joined a regional pact to protect jaguars"
    },
    {
      "feature_idx": 1476,
      "activation_value": 3.884692430496216,
      "tokens": [
        235274,
        235315
      ],
      "text": "19",
      "position": 14,
      "context_tokens": [
        19865,
        235280,
        235275,
        108,
        83377,
        575,
        235248,
        235274,
        235315,
        235315,
        235318,
        235269,
        714,
        24874,
        576,
        44546,
        5031
      ],
      "context_text": "DOMA)\nPassed in 1996, The Defense of Marriage Act"
    },
    {
      "feature_idx": 1476,
      "activation_value": 3.667062520980835,
      "tokens": [
        39258,
        5228
      ],
      "text": " gaining global",
      "position": 26,
      "context_tokens": [
        16364,
        5163,
        908,
        578,
        41486,
        4134,
        14335,
        39258,
        5228,
        24459,
        235269,
        573,
        40086,
        47043
      ],
      "context_text": " nations coming up and renewable energy usage gaining global momentum, the fossil fuels"
    },
    {
      "feature_idx": 1476,
      "activation_value": 3.5598056316375732,
      "tokens": [
        235248,
        235284
      ],
      "text": " 2",
      "position": 16,
      "context_tokens": [
        575,
        24345,
        24023,
        108,
        235284,
        235324,
        4826,
        235248,
        235284,
        235276,
        235274,
        235276,
        108,
        651,
        4731,
        576,
        3486
      ],
      "context_text": " in HIV prevention\n27 August 2010\nThe role of young"
    },
    {
      "feature_idx": 1476,
      "activation_value": 3.1555418968200684,
      "tokens": [
        1398,
        235269
      ],
      "text": "ars,",
      "position": 19,
      "context_tokens": [
        476,
        12363,
        92931,
        577,
        9051,
        12295,
        235261,
        1398,
        235269,
        573,
        100522,
        36529,
        4401,
        674,
        603,
        573,
        12324
      ],
      "context_text": " a regional pact to protect jaguars, the elusive spotted cat that is the biggest"
    },
    {
      "feature_idx": 1476,
      "activation_value": 3.1521806716918945,
      "tokens": [
        632,
        49282
      ],
      "text": " conclave",
      "position": 19,
      "context_tokens": [
        235269,
        783,
        708,
        2319,
        577,
        791,
        476,
        632,
        49282,
        689,
        144173,
        11621,
        675,
        793,
        27179,
        577,
        77149
      ],
      "context_text": ", we are going to have a conclave or papal election with no Pope to bury"
    },
    {
      "feature_idx": 1476,
      "activation_value": 3.0611841678619385,
      "tokens": [
        235315,
        235318
      ],
      "text": "96",
      "position": 16,
      "context_tokens": [
        235275,
        108,
        83377,
        575,
        235248,
        235274,
        235315,
        235315,
        235318,
        235269,
        714,
        24874,
        576,
        44546,
        5031,
        591,
        19865
      ],
      "context_text": ")\nPassed in 1996, The Defense of Marriage Act (DOM"
    },
    {
      "feature_idx": 1476,
      "activation_value": 2.9602999687194824,
      "tokens": [
        83377,
        575
      ],
      "text": "Passed in",
      "position": 11,
      "context_tokens": [
        44546,
        5031,
        591,
        19865,
        235280,
        235275,
        108,
        83377,
        575,
        235248,
        235274,
        235315,
        235315,
        235318,
        235269,
        714,
        24874
      ],
      "context_text": " Marriage Act (DOMA)\nPassed in 1996, The Defense"
    },
    {
      "feature_idx": 1476,
      "activation_value": 2.835472822189331,
      "tokens": [
        573,
        5228
      ],
      "text": " the global",
      "position": 26,