{
  "statistics": {
    "feature_idx": 2876,
    "num_samples": 8,
    "max_activation": 12.08547592163086,
    "mean_activation": 4.586670488119125,
    "std_activation": 2.8714798380890225,
    "min_activation": 2.7727649211883545,
    "activation_count": 8,
    "all_time_max": 12.08547592163086
  },
  "top_samples": [
    {
      "feature_idx": 2876,
      "activation_value": 12.08547592163086,
      "tokens": [
        1461,
        689
      ],
      "text": " people or",
      "position": 24,
      "context_tokens": [
        21145,
        27769,
        577,
        476,
        3666,
        2778,
        576,
        1461,
        689,
        229736,
        6269,
        89330,
        235265,
        13688,
        17710,
        1401
      ],
      "context_text": " potentially offensive to a particular group of people or disregarding political correctness. Should elected off"
    },
    {
      "feature_idx": 2876,
      "activation_value": 4.186397552490234,
      "tokens": [
        1378,
        689
      ],
      "text": " two or",
      "position": 23,
      "context_tokens": [
        978,
        27888,
        6066,
        235265,
        1165,
        20604,
        577,
        1378,
        689,
        978,
        26606,
        2062,
        5250,
        476,
        2493,
        578,
        476
      ],
      "context_text": " more physically active. It refers to two or more entities \u2014 usually a school and a"
    },
    {
      "feature_idx": 2876,
      "activation_value": 3.9489543437957764,
      "tokens": [
        12624,
        689
      ],
      "text": " printed or",
      "position": 13,
      "context_tokens": [
        235265,
        2365,
        7783,
        791,
        23246,
        21039,
        1178,
        12624,
        689,
        16034,
        6142,
        576,
        573,
        1809,
        2893,
        235265,
        13332
      ],
      "context_text": ". They generally have fewer graphics than printed or electronic books of the same material. Help"
    },
    {
      "feature_idx": 2876,
      "activation_value": 3.86287260055542,
      "tokens": [
        21369,
        689
      ],
      "text": " Gray or",
      "position": 27,
      "context_tokens": [
        235283,
        235284,
        14663,
        108,
        2915,
        574,
        235292,
        21369,
        689,
        141805,
        575,
        207653,
        14372
      ],
      "context_text": "/2 pounds\nColoring: Gray or silvery in turbid waters"
    },
    {
      "feature_idx": 2876,
      "activation_value": 3.626166820526123,
      "tokens": [
        978,
        26606
      ],
      "text": " more entities",
      "position": 25,
      "context_tokens": [
        6066,
        235265,
        1165,
        20604,
        577,
        1378,
        689,
        978,
        26606,
        2062,
        5250,
        476,
        2493,
        578,
        476
      ],
      "context_text": " active. It refers to two or more entities \u2014 usually a school and a"
    },
    {
      "feature_idx": 2876,
      "activation_value": 3.2449324131011963,
      "tokens": [
        49282,
        689
      ],
      "text": "clave or",
      "position": 20,
      "context_tokens": [
        783,
        708,
        2319,
        577,
        791,
        476,
        632,
        49282,
        689,
        144173,
        11621,
        675,
        793,
        27179,
        577,
        77149,
        67726
      ],
      "context_text": " we are going to have a conclave or papal election with no Pope to bury beforehand"
    },
    {
      "feature_idx": 2876,
      "activation_value": 2.965799331665039,
      "tokens": [
        2881,
        689
      ],
      "text": " color or",
      "position": 22,
      "context_tokens": [
        13170,
        235336,
        13870,
        665,
        1093,
        476,
        4786,
        2881,
        689,
        1093,
        33393,
        575,
        665,
        235265,
        6372,
        1105,
        18332
      ],
      "context_text": " bird? Maybe it had a pretty color or had crystals in it. Just about everybody"
    },
    {
      "feature_idx": 2876,
      "activation_value": 2.7727649211883545,
      "tokens": [
        235269,
        689
      ],
      "text": ", or",
      "position": 26,
      "context_tokens": [
        712,
        749,
        4282,
        2840,
        12110,
        674,
        1249,
        235269,
        689,
        1249,
        780,
        235269,
        614,
        8934
      ],
      "context_text": " so do various landforms that may, or may not, be shared"
    }
  ]
}