{
  "statistics": {
    "feature_idx": 384,
    "num_samples": 50,
    "max_activation": 30.087045669555664,
    "mean_activation": 26.940098724365235,
    "std_activation": 0.9403522617509661,
    "min_activation": 25.935895919799805,
    "activation_count": 3804,
    "all_time_max": 30.087045669555664
  },
  "top_samples": [
    {
      "feature_idx": 384,
      "activation_value": 30.087045669555664,
      "tokens": [
        235248,
        235274
      ],
      "text": " 1",
      "position": 23,
      "context_tokens": [
        21525,
        235269,
        5225,
        235248,
        235274,
        235315,
        235269,
        235248,
        235274,
        235315,
        235315,
        235321,
        10391,
        15480,
        696,
        235248,
        235304
      ],
      "context_text": "Saturday, September 19, 1998 Last modified at 3"
    },
    {
      "feature_idx": 384,
      "activation_value": 29.025266647338867,
      "tokens": [
        573,
        14216
      ],
      "text": " the Canadian",
      "position": 13,
      "context_tokens": [
        235269,
        235248,
        235284,
        235276,
        235274,
        235274,
        235269,
        573,
        14216,
        19985,
        5138,
        591,
        93336,
        235275,
        5504,
        674,
        573
      ],
      "context_text": ", 2011, the Canadian Ice Service (CIS) reported that the"
    },
    {
      "feature_idx": 384,
      "activation_value": 28.713808059692383,
      "tokens": [
        575,
        573
      ],
      "text": " in the",
      "position": 11,
      "context_tokens": [
        41687,
        1758,
        576,
        14554,
        578,
        40354,
        1142,
        575,
        573,
        7149,
        127499,
        578,
        50196,
        26848,
        3576,
        708,
        121527
      ],
      "context_text": " countless number of movies and novels set in the British Regency and Victorian Era women are plagued"
    },
    {
      "feature_idx": 384,
      "activation_value": 28.562620162963867,
      "tokens": [
        585,
        235265
      ],
      "text": " C.",
      "position": 7,
      "context_tokens": [
        2,
        235290,
        41967,
        40082,
        108,
        21175,
        585,
        235265,
        25823,
        9850,
        108,
        651,
        18862,
        14613,
        577,
        573
      ],
      "context_text": "<bos>- Historic Sites\nGeorge C. Marshall Museum\nThe museum dedicated to the"
    },
    {
      "feature_idx": 384,
      "activation_value": 28.486238479614258,
      "tokens": [
        696,
        6259
      ],
      "text": " at Los",
      "position": 11,
      "context_tokens": [
        41648,
        4645,
        235269,
        27512,
        578,
        13553,
        19167,
        696,
        6259,
        11695,
        5714,
        604,
        2239,
        140011,
        12432,
        235269,
        6259
      ],
      "context_text": " teaches English, Literature and Film Production at Los Angeles Center for Enriched Studies, Los"
    },
    {
      "feature_idx": 384,
      "activation_value": 28.388336181640625,
      "tokens": [
        604,
        747
      ],
      "text": " for K",
      "position": 8,
      "context_tokens": [
        2,
        7056,
        576,
        100974,
        10653,
        578,
        8554,
        604,
        747,
        235290,
        235274,
        235284,
        8119,
        235283,
        29661,
        7482,
        108
      ],
      "context_text": "<bos>Use of Biomedical Engineering and Music for K-12 Math/Science Education\n"
    },
    {
      "feature_idx": 384,
      "activation_value": 28.173778533935547,
      "tokens": [
        235292,
        3725
      ],
      "text": ": American",
      "position": 4,
      "context_tokens": [
        2,
        105237,
        26288,
        235292,
        3725,
        117015,
        591,
        235311,
        55106,
        50996,
        74410,
        235275,
        108
      ],
      "context_text": "<bos>Creature Feature: American Beech (Fagus grandifolia)\n"
    },
    {
      "feature_idx": 384,
      "activation_value": 28.036151885986328,
      "tokens": [
        1162,
        27217
      ],
      "text": " year Gulf",
      "position": 7,
      "context_tokens": [
        2,
        1596,
        603,
        573,
        1069,
        576,
        1162,
        27217,
        14161,
        13058,
        3293,
        11041,
        573,
        8957,
        8134,
        577
      ],
      "context_text": "<bos>This is the time of year Gulf Coast residents begin watching the weather reports to"
    },
    {
      "feature_idx": 384,
      "activation_value": 27.840749740600586,
      "tokens": [
        235269,
        573
      ],
      "text": ", the",
      "position": 12,
      "context_tokens": [
        235315,
        235269,
        235248,
        235284,
        235276,
        235274,
        235274,
        235269,
        573,
        14216,
        19985,
        5138,
        591,
        93336,
        235275,
        5504,
        674
      ],
      "context_text": "9, 2011, the Canadian Ice Service (CIS) reported that"
    },
    {
      "feature_idx": 384,
      "activation_value": 27.770009994506836,
      "tokens": [
        14216,
        19985
      ],
      "text": " Canadian Ice",
      "position": 14,
      "context_tokens": [
        235248,
        235284,
        235276,
        235274,
        235274,
        235269,
        573,
        14216,
        19985,
        5138,
        591,
        93336,
        235275,
        5504,
        674,
        573,
        8234
      ],
      "context_text": " 2011, the Canadian Ice Service (CIS) reported that the Peter"
    },
    {
      "feature_idx": 384,
      "activation_value": 27.714685440063477,
      "tokens": [
        1420,
        2021
      ],
      "text": " | Su",
      "position": 17,
      "context_tokens": [
        235284,
        235269,
        235248,
        235284,
        235276,
        235274,
        235274,
        1420,
        2021,
        5139,
        34041,
        108,
        651,
        2238,
        576,
        573,
        2493
      ],
      "context_text": "2, 2011 | Suzie Boss\nThe start of the school"
    },
    {
      "feature_idx": 384,
      "activation_value": 27.660358428955078,
      "tokens": [
        576,
        531
      ],
      "text": " of h",
      "position": 5,
      "context_tokens": [
        2,
        65904,
        476,
        5683,
        576,
        531,
        235284,
        235264,
        235284,
        108,
        17883,
        88992,
        235269,
        476
      ],
      "context_text": "<bos>Become a fan of h2g2\nDaniel Boone, a"
    },
    {
      "feature_idx": 384,
      "activation_value": 27.503623962402344,
      "tokens": [
        651,
        12734
      ],
      "text": "The Nature",
      "position": 2,
      "context_tokens": [
        2,
        651,
        12734,
        74431,
        108,
        651,
        30084,
        1461,
        791,
        2593,
        11012
      ],
      "context_text": "<bos>The Nature Elephant\nThe Karen people have always lived"
    },
    {
      "feature_idx": 384,
      "activation_value": 27.399871826171875,
      "tokens": [
        235269,
        235248
      ],
      "text": ", ",
      "position": 6,
      "context_tokens": [
        2,
        2122,
        4826,
        235248,
        235315,
        235269,
        235248,
        235284,
        235276,
        235274,
        235274,
        235269,
        573,
        14216,
        19985
      ],
      "context_text": "<bos>On August 9, 2011, the Canadian Ice"
    },
    {
      "feature_idx": 384,
      "activation_value": 27.206260681152344,