{
  "statistics": {
    "feature_idx": 1732,
    "num_samples": 50,
    "max_activation": 33.411861419677734,
    "mean_activation": 31.14488998413086,
    "std_activation": 0.8178794598972491,
    "min_activation": 30.18498420715332,
    "activation_count": 6891,
    "all_time_max": 33.411861419677734
  },
  "top_samples": [
    {
      "feature_idx": 1732,
      "activation_value": 33.411861419677734,
      "tokens": [
        40311,
        729
      ],
      "text": "stown was",
      "position": 18,
      "context_tokens": [
        4445,
        4192,
        577,
        1277,
        5115,
        235265,
        89684,
        40311,
        729,
        28914,
        685,
        476,
        65979,
        611,
        5516,
        235248,
        235284
      ],
      "context_text": " soon added to its growth. Bowmanstown was incorporated as a Borough on November 2"
    },
    {
      "feature_idx": 1732,
      "activation_value": 33.15250015258789,
      "tokens": [
        4445,
        4192
      ],
      "text": " soon added",
      "position": 11,
      "context_tokens": [
        901,
        573,
        16990,
        1622,
        17108,
        68893,
        6210,
        4445,
        4192,
        577,
        1277,
        5115,
        235265,
        89684,
        40311,
        729,
        28914
      ],
      "context_text": " but the nearby New Jersey Zinc Company soon added to its growth. Bowmanstown was incorporated"
    },
    {
      "feature_idx": 1732,
      "activation_value": 33.144100189208984,
      "tokens": [
        1277,
        5115
      ],
      "text": " its growth",
      "position": 14,
      "context_tokens": [
        1622,
        17108,
        68893,
        6210,
        4445,
        4192,
        577,
        1277,
        5115,
        235265,
        89684,
        40311,
        729,
        28914,
        685,
        476,
        65979
      ],
      "context_text": " New Jersey Zinc Company soon added to its growth. Bowmanstown was incorporated as a Borough"
    },
    {
      "feature_idx": 1732,
      "activation_value": 32.48078155517578,
      "tokens": [
        5076,
        2316
      ],
      "text": "isation,\u201d",
      "position": 30,
      "context_tokens": [
        2115,
        1212,
        783,
        5168,
        11342,
        8884,
        8678,
        5076,
        2316,
        3320
      ],
      "context_text": " develop what we term thin ideal internalisation,\u201d study"
    },
    {
      "feature_idx": 1732,
      "activation_value": 32.10380172729492,
      "tokens": [
        2183,
        1546
      ],
      "text": " while most",
      "position": 29,
      "context_tokens": [
        2167,
        5088,
        576,
        62691,
        87502,
        98457,
        235269,
        2183,
        1546,
        69221,
        46442
      ],
      "context_text": " different types of phonemic inventories, while most Africans inherited"
    },
    {
      "feature_idx": 1732,
      "activation_value": 32.029144287109375,
      "tokens": [
        577,
        1277
      ],
      "text": " to its",
      "position": 13,
      "context_tokens": [
        16990,
        1622,
        17108,
        68893,
        6210,
        4445,
        4192,
        577,
        1277,
        5115,
        235265,
        89684,
        40311,
        729,
        28914,
        685,
        476
      ],
      "context_text": " nearby New Jersey Zinc Company soon added to its growth. Bowmanstown was incorporated as a"
    },
    {
      "feature_idx": 1732,
      "activation_value": 31.987375259399414,
      "tokens": [
        235248,
        235284
      ],
      "text": " 2",
      "position": 10,
      "context_tokens": [
        108,
        1596,
        18862,
        26178,
        974,
        576,
        573,
        235248,
        235284,
        235276,
        489,
        7861,
        235303,
        235256,
        11518,
        8403,
        578
      ],
      "context_text": "\nThis museum profiles one of the 20th century's greatest military and"
    },
    {
      "feature_idx": 1732,
      "activation_value": 31.963050842285156,
      "tokens": [
        28914,
        685
      ],
      "text": " incorporated as",
      "position": 20,
      "context_tokens": [
        577,
        1277,
        5115,
        235265,
        89684,
        40311,
        729,
        28914,
        685,
        476,
        65979,
        611,
        5516,
        235248,
        235284,
        235315,
        235269
      ],
      "context_text": " to its growth. Bowmanstown was incorporated as a Borough on November 29,"
    },
    {
      "feature_idx": 1732,
      "activation_value": 31.908227920532227,
      "tokens": [
        6210,
        4445
      ],
      "text": " Company soon",
      "position": 10,
      "context_tokens": [
        235318,
        901,
        573,
        16990,
        1622,
        17108,
        68893,
        6210,
        4445,
        4192,
        577,
        1277,
        5115,
        235265,
        89684,
        40311,
        729
      ],
      "context_text": "6 but the nearby New Jersey Zinc Company soon added to its growth. Bowmanstown was"
    },
    {
      "feature_idx": 1732,
      "activation_value": 31.82020378112793,
      "tokens": [
        6879,
        235269
      ],
      "text": " England,",
      "position": 15,
      "context_tokens": [
        235274,
        235315,
        235276,
        235315,
        575,
        5282,
        235269,
        6879,
        235269,
        671,
        3725,
        28530,
        235269,
        7130,
        608,
        235265,
        167233
      ],
      "context_text": "1909 in London, England, an American visitor, William D. Boyce"
    },
    {
      "feature_idx": 1732,
      "activation_value": 31.8040828704834,
      "tokens": [
        36196,
        1378
      ],
      "text": " possessed two",
      "position": 20,
      "context_tokens": [
        12387,
        207720,
        1865,
        4756,
        104342,
        29691,
        1064,
        36196,
        1378,
        2167,
        5088,
        576,
        62691,
        87502,
        98457,
        235269,
        2183
      ],
      "context_text": " ancient admixture between quite divergent peoples who possessed two different types of phonemic inventories, while"
    },
    {
      "feature_idx": 1732,
      "activation_value": 31.748586654663086,
      "tokens": [
        29691,
        1064
      ],
      "text": " peoples who",
      "position": 18,
      "context_tokens": [
        3402,
        577,
        12387,
        207720,
        1865,
        4756,
        104342,
        29691,
        1064,
        36196,
        1378,
        2167,
        5088,
        576,
        62691,
        87502,
        98457
      ],
      "context_text": " due to ancient admixture between quite divergent peoples who possessed two different types of phonemic inventories"
    },
    {
      "feature_idx": 1732,
      "activation_value": 31.69997215270996,
      "tokens": [
        2115,
        1212
      ],
      "text": " develop what",
      "position": 23,
      "context_tokens": [
        235269,
        3599,
        48746,
        17844,
        1297,
        1009,
        3576,
        2115,
        1212,
        783,
        5168,
        11342,
        8884,
        8678,
        5076,
        2316,
        3320
      ],
      "context_text": ", yet intriguingly only some women develop what we term thin ideal internalisation,\u201d study"
    },
    {
      "feature_idx": 1732,
      "activation_value": 31.60932731628418,
      "tokens": [
        8403,
        578
      ],
      "text": " military and",
      "position": 18,